gpt5_topic_words,gpt5_label,"topic_words,label",geminipro_topic_words,geminipro_label,"topic_words,label",perplexity_topic_words,perplexity_label,grok_topic_words,grok_label,"topic_words,label",deepseek_topic_words,deepseek_label,"topic_words,label",claude_topic_words,claude_label
"model, language, task, training, tuning, pre, fine, data",Fine-tuning and Pretrained Models,"model, language, task, training, tuning, pre, fine, data, Fine-Tuning Pre-trained Language Models","model, language, task, training, tuning, pre, fine, data",Fine-Tuning Pre-trained Language Models,"model, language, task, training, tuning, pre, fine, data,""Language Model Training and Fine-tuning""","model, language, task, training, tuning, pre, fine, data",Language Model Training and Fine-tuning,"model, language, task, training, tuning, pre, fine, data",Fine-Tuning Pretrained Language Models,"model, language, task, training, tuning, pre, fine, data,Language Model Fine-Tuning","model, language, task, training, tuning, pre, fine, data",Language Model Fine-Tuning,"model, language, task, training, tuning, pre, fine, data,Language Model Pre-training & Fine-tuning","model, language, task, training, tuning, pre, fine, data",Language Model Pre-training & Fine-tuning
"model, network, training, learning, data, neural, deep, feature",Deep Neural Networks,"model, network, training, learning, data, neural, deep, feature,Deep Neural Networks","model, network, training, learning, data, neural, deep, feature",Deep Neural Networks,"model, network, training, learning, data, neural, deep, feature,""Deep Neural Network Learning""","model, network, training, learning, data, neural, deep, feature",Deep Neural Network Learning,"model, network, training, learning, data, neural, deep, feature",Deep Neural Network Training,"model, network, training, learning, data, neural, deep, feature,Deep Neural Networks","model, network, training, learning, data, neural, deep, feature",Deep Neural Networks,"model, network, training, learning, data, neural, deep, feature,Deep Neural Network Training","model, network, training, learning, data, neural, deep, feature",Deep Neural Network Training
"problem, algorithm, optimization, objective, solution, search, evolutionary, function",Evolutionary Optimization Algorithms,"problem, algorithm, optimization, objective, solution, search, evolutionary, function,Evolutionary & Search Algorithms","problem, algorithm, optimization, objective, solution, search, evolutionary, function",Evolutionary & Search Algorithms,"problem, algorithm, optimization, objective, solution, search, evolutionary, function,""Evolutionary Optimization Algorithms""","problem, algorithm, optimization, objective, solution, search, evolutionary, function",Evolutionary Optimization Algorithms,"problem, algorithm, optimization, objective, solution, search, evolutionary, function",Evolutionary Optimization Algorithms,"problem, algorithm, optimization, objective, solution, search, evolutionary, function,Evolutionary Optimization","problem, algorithm, optimization, objective, solution, search, evolutionary, function",Evolutionary Optimization,"problem, algorithm, optimization, objective, solution, search, evolutionary, function,Evolutionary Optimization Algorithms","problem, algorithm, optimization, objective, solution, search, evolutionary, function",Evolutionary Optimization Algorithms
"model, method, learning, algorithm, data, problem, distribution, function",General Machine Learning Methods,"model, method, learning, algorithm, data, problem, distribution, function,Statistical Learning Methods","model, method, learning, algorithm, data, problem, distribution, function",Statistical Learning Methods,"model, method, learning, algorithm, data, problem, distribution, function,""Machine Learning Algorithms and Methods""","model, method, learning, algorithm, data, problem, distribution, function",Machine Learning Algorithms and Methods,"model, method, learning, algorithm, data, problem, distribution, function",Probabilistic Machine Learning Models,"model, method, learning, algorithm, data, problem, distribution, function,Probabilistic Modeling","model, method, learning, algorithm, data, problem, distribution, function",Probabilistic Modeling,"model, method, learning, algorithm, data, problem, distribution, function,Statistical Learning Methods","model, method, learning, algorithm, data, problem, distribution, function",Statistical Learning Methods
"text, word, document, sentence, based, model, method, classification",Text Classification and NLP,"text, word, document, sentence, based, model, method, classification,Text Classification","text, word, document, sentence, based, model, method, classification",Text Classification,"text, word, document, sentence, based, model, method, classification,""Text Classification and Language Modeling""","text, word, document, sentence, based, model, method, classification",Text Classification and Language Modeling,"text, word, document, sentence, based, model, method, classification",Text Document Classification,"text, word, document, sentence, based, model, method, classification,Text Classification","text, word, document, sentence, based, model, method, classification",Text Classification,"text, word, document, sentence, based, model, method, classification,Text Classification & NLP","text, word, document, sentence, based, model, method, classification",Text Classification & NLP
"image, data, model, learning, using, based, deep, detection",Deep Learning for Image Detection,"image, data, model, learning, using, based, deep, detection,Deep Learning for Image Detection","image, data, model, learning, using, based, deep, detection",Deep Learning for Image Detection,"image, data, model, learning, using, based, deep, detection,""Deep Learning for Image Detection""","image, data, model, learning, using, based, deep, detection",Deep Learning for Image Detection,"image, data, model, learning, using, based, deep, detection",Deep Learning for Image Detection,"image, data, model, learning, using, based, deep, detection,Image Object Detection","image, data, model, learning, using, based, deep, detection",Image Object Detection,"image, data, model, learning, using, based, deep, detection,Deep Learning for Image Detection","image, data, model, learning, using, based, deep, detection",Deep Learning for Image Detection
"network, neural, model, learning, training, method, architecture, based",Neural Network Architectures,"network, neural, model, learning, training, method, architecture, based,Neural Network Architectures","network, neural, model, learning, training, method, architecture, based",Neural Network Architectures,"network, neural, model, learning, training, method, architecture, based,""Neural Network Architectures and Training""","network, neural, model, learning, training, method, architecture, based",Neural Network Architectures and Training,"network, neural, model, learning, training, method, architecture, based",Neural Network Architectures,"network, neural, model, learning, training, method, architecture, based,Neural Network Architecture","network, neural, model, learning, training, method, architecture, based",Neural Network Architecture,"network, neural, model, learning, training, method, architecture, based,Neural Network Architectures","network, neural, model, learning, training, method, architecture, based",Neural Network Architectures
"series, time, forecasting, multivariate, model, data, datasets, temporal",Time Series Forecasting,"series, time, forecasting, multivariate, model, data, datasets, temporal,Time Series Forecasting","series, time, forecasting, multivariate, model, data, datasets, temporal",Time Series Forecasting,"series, time, forecasting, multivariate, model, data, datasets, temporal,""Multivariate Time Series Forecasting""","series, time, forecasting, multivariate, model, data, datasets, temporal",Multivariate Time Series Forecasting,"series, time, forecasting, multivariate, model, data, datasets, temporal",Multivariate Time Series Forecasting,"series, time, forecasting, multivariate, model, data, datasets, temporal,Time Series Forecasting","series, time, forecasting, multivariate, model, data, datasets, temporal",Time Series Forecasting,"series, time, forecasting, multivariate, model, data, datasets, temporal,Time Series Forecasting","series, time, forecasting, multivariate, model, data, datasets, temporal",Time Series Forecasting
"model, data, human, machine, learning, research, explanation, based",Explainable Machine Learning,"model, data, human, machine, learning, research, explanation, based,Explainable AI (XAI)","model, data, human, machine, learning, research, explanation, based",Explainable AI (XAI),"model, data, human, machine, learning, research, explanation, based,""Explainable Machine Learning""","model, data, human, machine, learning, research, explanation, based",Explainable Machine Learning,"model, data, human, machine, learning, research, explanation, based",Explainable Machine Learning,"model, data, human, machine, learning, research, explanation, based,Explainable AI","model, data, human, machine, learning, research, explanation, based",Explainable AI,"model, data, human, machine, learning, research, explanation, based,Explainable AI & Human-Machine Interaction","model, data, human, machine, learning, research, explanation, based",Explainable AI & Human-Machine Interaction
"agent, game, environment, task, human, learning, multi, reinforcement",Reinforcement Learning Agents,"agent, game, environment, task, human, learning, multi, reinforcement,Multi-Agent Reinforcement Learning","agent, game, environment, task, human, learning, multi, reinforcement",Multi-Agent Reinforcement Learning,"agent, game, environment, task, human, learning, multi, reinforcement,""Multi-agent Reinforcement Learning""","agent, game, environment, task, human, learning, multi, reinforcement",Multi-agent Reinforcement Learning,"agent, game, environment, task, human, learning, multi, reinforcement",Multi-Agent Reinforcement Learning,"agent, game, environment, task, human, learning, multi, reinforcement,Multi-Agent Reinforcement Learning","agent, game, environment, task, human, learning, multi, reinforcement",Multi-Agent Reinforcement Learning,"agent, game, environment, task, human, learning, multi, reinforcement,Multi-Agent Reinforcement Learning","agent, game, environment, task, human, learning, multi, reinforcement",Multi-Agent Reinforcement Learning
"graph, data, learning, model, method, task, feature, domain",Graph Neural Networks,"graph, data, learning, model, method, task, feature, domain,Graph-based Machine Learning","graph, data, learning, model, method, task, feature, domain",Graph-based Machine Learning,"graph, data, learning, model, method, task, feature, domain,""Graph-based Machine Learning""","graph, data, learning, model, method, task, feature, domain",Graph-based Machine Learning,"graph, data, learning, model, method, task, feature, domain",Graph Representation Learning,"graph, data, learning, model, method, task, feature, domain,Graph Representation Learning","graph, data, learning, model, method, task, feature, domain",Graph Representation Learning,"graph, data, learning, model, method, task, feature, domain,Graph Neural Networks & Domain Adaptation","graph, data, learning, model, method, task, feature, domain",Graph Neural Networks & Domain Adaptation
"llm, reasoning, question, large, language, model, human, evaluation",Large Language Models and Reasoning,"llm, reasoning, question, large, language, model, human, evaluation,Large Language Model Reasoning & Evaluation","llm, reasoning, question, large, language, model, human, evaluation",Large Language Model Reasoning & Evaluation,"llm, reasoning, question, large, language, model, human, evaluation,""Large Language Model Reasoning and Evaluation""","llm, reasoning, question, large, language, model, human, evaluation",Large Language Model Reasoning and Evaluation,"llm, reasoning, question, large, language, model, human, evaluation",Large Language Model Reasoning Evaluation,"llm, reasoning, question, large, language, model, human, evaluation,LLM Reasoning & Evaluation","llm, reasoning, question, large, language, model, human, evaluation",LLM Reasoning & Evaluation,"llm, reasoning, question, large, language, model, human, evaluation,Large Language Model Reasoning & Evaluation","llm, reasoning, question, large, language, model, human, evaluation",Large Language Model Reasoning & Evaluation
"method, point, view, pose, scene, based, estimation, image",3D Pose and Scene Estimation,"method, point, view, pose, scene, based, estimation, image,Image-based Pose & Scene Estimation","method, point, view, pose, scene, based, estimation, image",Image-based Pose & Scene Estimation,"method, point, view, pose, scene, based, estimation, image,""Image-based Pose Estimation Methods""","method, point, view, pose, scene, based, estimation, image",Image-based Pose Estimation Methods,"method, point, view, pose, scene, based, estimation, image",Image-Based Pose Estimation,"method, point, view, pose, scene, based, estimation, image,3D Pose Estimation","method, point, view, pose, scene, based, estimation, image",3D Pose Estimation,"method, point, view, pose, scene, based, estimation, image,3D Scene & Pose Estimation","method, point, view, pose, scene, based, estimation, image",3D Scene & Pose Estimation
"policy, offline, learning, reinforcement, reward, action, state, value",Offline Reinforcement Learning,"policy, offline, learning, reinforcement, reward, action, state, value,Offline Reinforcement Learning","policy, offline, learning, reinforcement, reward, action, state, value",Offline Reinforcement Learning,"policy, offline, learning, reinforcement, reward, action, state, value,""Offline Reinforcement Learning Policies""","policy, offline, learning, reinforcement, reward, action, state, value",Offline Reinforcement Learning Policies,"policy, offline, learning, reinforcement, reward, action, state, value",Offline Reinforcement Learning Policies,"policy, offline, learning, reinforcement, reward, action, state, value,Offline Reinforcement Learning","policy, offline, learning, reinforcement, reward, action, state, value",Offline Reinforcement Learning,"policy, offline, learning, reinforcement, reward, action, state, value,Offline Reinforcement Learning","policy, offline, learning, reinforcement, reward, action, state, value",Offline Reinforcement Learning
"regret, bandit, bound, algorithm, arm, reward, optimal, setting",Multi-Armed Bandit Optimization,"regret, bandit, bound, algorithm, arm, reward, optimal, setting,Multi-Armed Bandit Problems","regret, bandit, bound, algorithm, arm, reward, optimal, setting",Multi-Armed Bandit Problems,"regret, bandit, bound, algorithm, arm, reward, optimal, setting,""Bandit Algorithms and Regret Bounds""","regret, bandit, bound, algorithm, arm, reward, optimal, setting",Bandit Algorithms and Regret Bounds,"regret, bandit, bound, algorithm, arm, reward, optimal, setting",Multi-Armed Bandit Algorithms,"regret, bandit, bound, algorithm, arm, reward, optimal, setting,Multi-Armed Bandits","regret, bandit, bound, algorithm, arm, reward, optimal, setting",Multi-Armed Bandits,"regret, bandit, bound, algorithm, arm, reward, optimal, setting,Multi-Armed Bandit Algorithms","regret, bandit, bound, algorithm, arm, reward, optimal, setting",Multi-Armed Bandit Algorithms
"object, model, task, detection, visual, learning, vision, performance",Object Detection in Computer Vision,"object, model, task, detection, visual, learning, vision, performance,Visual Object Detection","object, model, task, detection, visual, learning, vision, performance",Visual Object Detection,"object, model, task, detection, visual, learning, vision, performance,""Object Detection in Computer Vision""","object, model, task, detection, visual, learning, vision, performance",Object Detection in Computer Vision,"object, model, task, detection, visual, learning, vision, performance",Visual Object Detection,"object, model, task, detection, visual, learning, vision, performance,Computer Vision","object, model, task, detection, visual, learning, vision, performance",Computer Vision,"object, model, task, detection, visual, learning, vision, performance,Computer Vision Object Detection","object, model, task, detection, visual, learning, vision, performance",Computer Vision Object Detection
"model, network, prediction, traffic, data, neural, graph, temporal",Graph-based Traffic Prediction,"model, network, prediction, traffic, data, neural, graph, temporal,Temporal Graph Networks for Traffic Prediction","model, network, prediction, traffic, data, neural, graph, temporal",Temporal Graph Networks for Traffic Prediction,"model, network, prediction, traffic, data, neural, graph, temporal,""Traffic Prediction Using Graph Neural Networks""","model, network, prediction, traffic, data, neural, graph, temporal",Traffic Prediction Using Graph Neural Networks,"model, network, prediction, traffic, data, neural, graph, temporal",Graph Neural Networks for Traffic Prediction,"model, network, prediction, traffic, data, neural, graph, temporal,Traffic Prediction","model, network, prediction, traffic, data, neural, graph, temporal",Traffic Prediction,"model, network, prediction, traffic, data, neural, graph, temporal,Spatiotemporal Traffic Prediction","model, network, prediction, traffic, data, neural, graph, temporal",Spatiotemporal Traffic Prediction
"anomaly, detection, data, unsupervised, method, normal, detecting, anomalous",Anomaly Detection,"anomaly, detection, data, unsupervised, method, normal, detecting, anomalous,Unsupervised Anomaly Detection","anomaly, detection, data, unsupervised, method, normal, detecting, anomalous",Unsupervised Anomaly Detection,"anomaly, detection, data, unsupervised, method, normal, detecting, anomalous,""Unsupervised Anomaly Detection""","anomaly, detection, data, unsupervised, method, normal, detecting, anomalous",Unsupervised Anomaly Detection,"anomaly, detection, data, unsupervised, method, normal, detecting, anomalous",Unsupervised Anomaly Detection,"anomaly, detection, data, unsupervised, method, normal, detecting, anomalous,Anomaly Detection","anomaly, detection, data, unsupervised, method, normal, detecting, anomalous",Anomaly Detection,"anomaly, detection, data, unsupervised, method, normal, detecting, anomalous,Unsupervised Anomaly Detection","anomaly, detection, data, unsupervised, method, normal, detecting, anomalous",Unsupervised Anomaly Detection
"image, model, text, domain, method, data, training, task",Multimodal Learning (Image-Text),"image, model, text, domain, method, data, training, task,Cross-Domain Image-Text Modeling","image, model, text, domain, method, data, training, task",Cross-Domain Image-Text Modeling,"image, model, text, domain, method, data, training, task,""Cross-domain Image and Text Modeling""","image, model, text, domain, method, data, training, task",Cross-domain Image and Text Modeling,"image, model, text, domain, method, data, training, task",Multimodal Image-Text Domain Adaptation,"image, model, text, domain, method, data, training, task,Cross-Modal Learning","image, model, text, domain, method, data, training, task",Cross-Modal Learning,"image, model, text, domain, method, data, training, task,Vision-Language Multi-modal Learning","image, model, text, domain, method, data, training, task",Vision-Language Multi-modal Learning
"entity, knowledge, graph, relation, information, question, kg, extraction",Knowledge Graph Extraction,"entity, knowledge, graph, relation, information, question, kg, extraction,Knowledge Graph & Entity Extraction","entity, knowledge, graph, relation, information, question, kg, extraction",Knowledge Graph & Entity Extraction,"entity, knowledge, graph, relation, information, question, kg, extraction,""Knowledge Graph Construction and Extraction""","entity, knowledge, graph, relation, information, question, kg, extraction",Knowledge Graph Construction and Extraction,"entity, knowledge, graph, relation, information, question, kg, extraction",Knowledge Graph Entity Extraction,"entity, knowledge, graph, relation, information, question, kg, extraction,Knowledge Graph QA","entity, knowledge, graph, relation, information, question, kg, extraction",Knowledge Graph QA,"entity, knowledge, graph, relation, information, question, kg, extraction,Knowledge Graph & Information Extraction","entity, knowledge, graph, relation, information, question, kg, extraction",Knowledge Graph & Information Extraction
"feature, method, image, network, based, learning, attention, video",Video Understanding with Attention,"feature, method, image, network, based, learning, attention, video,Attention Mechanisms in Vision Models","feature, method, image, network, based, learning, attention, video",Attention Mechanisms in Vision Models,"feature, method, image, network, based, learning, attention, video,""Attention-based Image and Video Feature Learning""","feature, method, image, network, based, learning, attention, video",Attention-based Image and Video Feature Learning,"feature, method, image, network, based, learning, attention, video",Attention-Based Video Feature Learning,"feature, method, image, network, based, learning, attention, video,Video Analysis","feature, method, image, network, based, learning, attention, video",Video Analysis,"feature, method, image, network, based, learning, attention, video,Video Understanding with Attention Mechanisms","feature, method, image, network, based, learning, attention, video",Video Understanding with Attention Mechanisms
"client, federated, fl, data, model, learning, local, privacy",Federated Learning and Privacy,"client, federated, fl, data, model, learning, local, privacy,Federated Learning & Data Privacy","client, federated, fl, data, model, learning, local, privacy",Federated Learning & Data Privacy,"client, federated, fl, data, model, learning, local, privacy,""Federated Learning with Privacy""","client, federated, fl, data, model, learning, local, privacy",Federated Learning with Privacy,"client, federated, fl, data, model, learning, local, privacy",Privacy-Preserving Federated Learning,"client, federated, fl, data, model, learning, local, privacy,Federated Learning","client, federated, fl, data, model, learning, local, privacy",Federated Learning,"client, federated, fl, data, model, learning, local, privacy,Federated Learning & Privacy","client, federated, fl, data, model, learning, local, privacy",Federated Learning & Privacy
"translation, language, machine, multilingual, resource, english, lingual, low",Machine Translation and Multilingual NLP,"translation, language, machine, multilingual, resource, english, lingual, low,Low-Resource Machine Translation","translation, language, machine, multilingual, resource, english, lingual, low",Low-Resource Machine Translation,"translation, language, machine, multilingual, resource, english, lingual, low,""Multilingual Machine Translation""","translation, language, machine, multilingual, resource, english, lingual, low",Multilingual Machine Translation,"translation, language, machine, multilingual, resource, english, lingual, low",Low-Resource Multilingual Machine Translation,"translation, language, machine, multilingual, resource, english, lingual, low,Low-Resource Machine Translation","translation, language, machine, multilingual, resource, english, lingual, low",Low-Resource Machine Translation,"translation, language, machine, multilingual, resource, english, lingual, low,Low-Resource Machine Translation","translation, language, machine, multilingual, resource, english, lingual, low",Low-Resource Machine Translation
"dialogue, response, conversation, oriented, user, utterance, generation, turn",Dialogue Systems and Response Generation,"dialogue, response, conversation, oriented, user, utterance, generation, turn,Dialogue & Conversational Systems","dialogue, response, conversation, oriented, user, utterance, generation, turn",Dialogue & Conversational Systems,"dialogue, response, conversation, oriented, user, utterance, generation, turn,""Conversational Dialogue Generation""","dialogue, response, conversation, oriented, user, utterance, generation, turn",Conversational Dialogue Generation,"dialogue, response, conversation, oriented, user, utterance, generation, turn",User-Oriented Dialogue Response Generation,"dialogue, response, conversation, oriented, user, utterance, generation, turn,Dialogue Systems","dialogue, response, conversation, oriented, user, utterance, generation, turn",Dialogue Systems,"dialogue, response, conversation, oriented, user, utterance, generation, turn,Dialogue Generation & Conversational AI","dialogue, response, conversation, oriented, user, utterance, generation, turn",Dialogue Generation & Conversational AI
"gradient, stochastic, method, convergence, optimization, convex, rate, descent",Stochastic Gradient Optimization,"gradient, stochastic, method, convergence, optimization, convex, rate, descent,Stochastic Gradient Descent Optimization","gradient, stochastic, method, convergence, optimization, convex, rate, descent",Stochastic Gradient Descent Optimization,"gradient, stochastic, method, convergence, optimization, convex, rate, descent,""Stochastic Gradient Optimization Methods""","gradient, stochastic, method, convergence, optimization, convex, rate, descent",Stochastic Gradient Optimization Methods,"gradient, stochastic, method, convergence, optimization, convex, rate, descent",Stochastic Gradient Descent Optimization,"gradient, stochastic, method, convergence, optimization, convex, rate, descent,Stochastic Optimization","gradient, stochastic, method, convergence, optimization, convex, rate, descent",Stochastic Optimization,"gradient, stochastic, method, convergence, optimization, convex, rate, descent,Stochastic Gradient Optimization","gradient, stochastic, method, convergence, optimization, convex, rate, descent",Stochastic Gradient Optimization
"model, sparse, data, estimator, high, estimation, dimensional, algorithm",Sparse High-Dimensional Estimation,"model, sparse, data, estimator, high, estimation, dimensional, algorithm,High-Dimensional Sparse Modeling","model, sparse, data, estimator, high, estimation, dimensional, algorithm",High-Dimensional Sparse Modeling,"model, sparse, data, estimator, high, estimation, dimensional, algorithm,""High-dimensional Sparse Estimation""","model, sparse, data, estimator, high, estimation, dimensional, algorithm",High-dimensional Sparse Estimation,"model, sparse, data, estimator, high, estimation, dimensional, algorithm",High-Dimensional Sparse Estimation,"model, sparse, data, estimator, high, estimation, dimensional, algorithm,High-Dimensional Statistics","model, sparse, data, estimator, high, estimation, dimensional, algorithm",High-Dimensional Statistics,"model, sparse, data, estimator, high, estimation, dimensional, algorithm,High-Dimensional Sparse Estimation","model, sparse, data, estimator, high, estimation, dimensional, algorithm",High-Dimensional Sparse Estimation
"clustering, cluster, graph, algorithm, problem, data, spectral, result",Spectral Clustering Algorithms,"clustering, cluster, graph, algorithm, problem, data, spectral, result,Spectral Graph Clustering","clustering, cluster, graph, algorithm, problem, data, spectral, result",Spectral Graph Clustering,"clustering, cluster, graph, algorithm, problem, data, spectral, result,""Spectral Graph Clustering Algorithms""","clustering, cluster, graph, algorithm, problem, data, spectral, result",Spectral Graph Clustering Algorithms,"clustering, cluster, graph, algorithm, problem, data, spectral, result",Spectral Graph Clustering,"clustering, cluster, graph, algorithm, problem, data, spectral, result,Graph Clustering","clustering, cluster, graph, algorithm, problem, data, spectral, result",Graph Clustering,"clustering, cluster, graph, algorithm, problem, data, spectral, result,Spectral Clustering Algorithms","clustering, cluster, graph, algorithm, problem, data, spectral, result",Spectral Clustering Algorithms
"model, inference, process, algorithm, method, data, time, network",Bayesian Inference and Probabilistic Models,"model, inference, process, algorithm, method, data, time, network,Inferential Network Models","model, inference, process, algorithm, method, data, time, network",Inferential Network Models,"model, inference, process, algorithm, method, data, time, network,""Probabilistic Model Inference Algorithms""","model, inference, process, algorithm, method, data, time, network",Probabilistic Model Inference Algorithms,"model, inference, process, algorithm, method, data, time, network",Temporal Inference Processes,"model, inference, process, algorithm, method, data, time, network,Probabilistic Inference","model, inference, process, algorithm, method, data, time, network",Probabilistic Inference,"model, inference, process, algorithm, method, data, time, network,Probabilistic Inference in Networks","model, inference, process, algorithm, method, data, time, network",Probabilistic Inference in Networks
"matrix, rank, low, tensor, completion, norm, problem, entry",Tensor and Matrix Completion,"matrix, rank, low, tensor, completion, norm, problem, entry,Matrix & Tensor Completion","matrix, rank, low, tensor, completion, norm, problem, entry",Matrix & Tensor Completion,"matrix, rank, low, tensor, completion, norm, problem, entry,""Low-rank Matrix and Tensor Completion""","matrix, rank, low, tensor, completion, norm, problem, entry",Low-rank Matrix and Tensor Completion,"matrix, rank, low, tensor, completion, norm, problem, entry",Low-Rank Matrix and Tensor Completion,"matrix, rank, low, tensor, completion, norm, problem, entry,Matrix Completion","matrix, rank, low, tensor, completion, norm, problem, entry",Matrix Completion,"matrix, rank, low, tensor, completion, norm, problem, entry,Low-Rank Matrix & Tensor Completion","matrix, rank, low, tensor, completion, norm, problem, entry",Low-Rank Matrix & Tensor Completion
"model, image, latent, natural, generative, variable, network, inference",Generative Latent Variable Models,"model, image, latent, natural, generative, variable, network, inference,Generative Latent Variable Models","model, image, latent, natural, generative, variable, network, inference",Generative Latent Variable Models,"model, image, latent, natural, generative, variable, network, inference,""Latent Variable Generative Models""","model, image, latent, natural, generative, variable, network, inference",Latent Variable Generative Models,"model, image, latent, natural, generative, variable, network, inference",Latent Variable Generative Image Models,"model, image, latent, natural, generative, variable, network, inference,Generative Models","model, image, latent, natural, generative, variable, network, inference",Generative Models,"model, image, latent, natural, generative, variable, network, inference,Generative Models & Latent Variables","model, image, latent, natural, generative, variable, network, inference",Generative Models & Latent Variables
"regret, online, loss, algorithm, convex, optimization, bound, rate",Online Convex Optimization,"regret, online, loss, algorithm, convex, optimization, bound, rate,Online Convex Optimization","regret, online, loss, algorithm, convex, optimization, bound, rate",Online Convex Optimization,"regret, online, loss, algorithm, convex, optimization, bound, rate,""Online Convex Optimization with Regret Bounds""","regret, online, loss, algorithm, convex, optimization, bound, rate",Online Convex Optimization with Regret Bounds,"regret, online, loss, algorithm, convex, optimization, bound, rate",Online Convex Optimization with Regret Bounds,"regret, online, loss, algorithm, convex, optimization, bound, rate,Online Convex Optimization","regret, online, loss, algorithm, convex, optimization, bound, rate",Online Convex Optimization,"regret, online, loss, algorithm, convex, optimization, bound, rate,Online Convex Optimization","regret, online, loss, algorithm, convex, optimization, bound, rate",Online Convex Optimization
"feature, model, data, selection, method, sparse, variable, algorithm",Feature Selection Methods,"feature, model, data, selection, method, sparse, variable, algorithm,Sparse Feature Selection","feature, model, data, selection, method, sparse, variable, algorithm",Sparse Feature Selection,"feature, model, data, selection, method, sparse, variable, algorithm,""Sparse Feature Selection Methods""","feature, model, data, selection, method, sparse, variable, algorithm",Sparse Feature Selection Methods,"feature, model, data, selection, method, sparse, variable, algorithm",Sparse Variable Feature Selection,"feature, model, data, selection, method, sparse, variable, algorithm,Feature Selection","feature, model, data, selection, method, sparse, variable, algorithm",Feature Selection,"feature, model, data, selection, method, sparse, variable, algorithm,Sparse Feature Selection","feature, model, data, selection, method, sparse, variable, algorithm",Sparse Feature Selection
"algorithm, search, time, tree, problem, space, result, polynomial",Search and Tree Algorithms,"algorithm, search, time, tree, problem, space, result, polynomial,Tree Search Algorithms","algorithm, search, time, tree, problem, space, result, polynomial",Tree Search Algorithms,"algorithm, search, time, tree, problem, space, result, polynomial,""Polynomial Time Search Algorithms in Trees""","algorithm, search, time, tree, problem, space, result, polynomial",Polynomial Time Search Algorithms in Trees,"algorithm, search, time, tree, problem, space, result, polynomial",Polynomial-Time Search Algorithms,"algorithm, search, time, tree, problem, space, result, polynomial,Combinatorial Search","algorithm, search, time, tree, problem, space, result, polynomial",Combinatorial Search,"algorithm, search, time, tree, problem, space, result, polynomial,Tree Search & Computational Complexity","algorithm, search, time, tree, problem, space, result, polynomial",Tree Search & Computational Complexity
"software, developer, build, project, library, documentation, repository, data",Software Development and Libraries,"software, developer, build, project, library, documentation, repository, data,Software Development Lifecycle & Repositories","software, developer, build, project, library, documentation, repository, data",Software Development Lifecycle & Repositories,"software, developer, build, project, library, documentation, repository, data,""Software Project Development and Libraries""","software, developer, build, project, library, documentation, repository, data",Software Project Development and Libraries,"software, developer, build, project, library, documentation, repository, data",Software Library and Repository Development,"software, developer, build, project, library, documentation, repository, data,Software Development Tools","software, developer, build, project, library, documentation, repository, data",Software Development Tools,"software, developer, build, project, library, documentation, repository, data,Software Development & Documentation","software, developer, build, project, library, documentation, repository, data",Software Development & Documentation
"project, developer, source, open, software, community, contributor, ecosystem",Open Source Software Communities,"project, developer, source, open, software, community, contributor, ecosystem,Open Source Software Ecosystems","project, developer, source, open, software, community, contributor, ecosystem",Open Source Software Ecosystems,"project, developer, source, open, software, community, contributor, ecosystem,""Open Source Software Communities""","project, developer, source, open, software, community, contributor, ecosystem",Open Source Software Communities,"project, developer, source, open, software, community, contributor, ecosystem",Open Source Software Ecosystems,"project, developer, source, open, software, community, contributor, ecosystem,Open Source Ecosystems","project, developer, source, open, software, community, contributor, ecosystem",Open Source Ecosystems,"project, developer, source, open, software, community, contributor, ecosystem,Open Source Software Ecosystems","project, developer, source, open, software, community, contributor, ecosystem",Open Source Software Ecosystems
"defect, prediction, model, metric, data, project, software, performance",Software Defect Prediction,"defect, prediction, model, metric, data, project, software, performance,Software Defect Prediction","defect, prediction, model, metric, data, project, software, performance",Software Defect Prediction,"defect, prediction, model, metric, data, project, software, performance,""Software Defect Prediction Models""","defect, prediction, model, metric, data, project, software, performance",Software Defect Prediction Models,"defect, prediction, model, metric, data, project, software, performance",Software Defect Prediction Metrics,"defect, prediction, model, metric, data, project, software, performance,Software Defect Prediction","defect, prediction, model, metric, data, project, software, performance",Software Defect Prediction,"defect, prediction, model, metric, data, project, software, performance,Software Defect Prediction","defect, prediction, model, metric, data, project, software, performance",Software Defect Prediction
"model, data, based, method, using, time, elsevier, study",General Modeling and Analysis Studies,"model, data, based, method, using, time, elsevier, study,General Data-Driven Modeling Studies","model, data, based, method, using, time, elsevier, study",General Data-Driven Modeling Studies,"model, data, based, method, using, time, elsevier, study,""Data-driven Modeling Studies""","model, data, based, method, using, time, elsevier, study",Data-driven Modeling Studies,"model, data, based, method, using, time, elsevier, study",Time-Based Empirical Modeling Studies,"model, data, based, method, using, time, elsevier, study,Applied Research Methods","model, data, based, method, using, time, elsevier, study",Applied Research Methods,"model, data, based, method, using, time, elsevier, study,General Data Modeling Studies","model, data, based, method, using, time, elsevier, study",General Data Modeling Studies
"data, big, processing, analytics, privacy, stream, structure, storage",Big Data Processing and Analytics,"data, big, processing, analytics, privacy, stream, structure, storage,Big Data Processing & Analytics","data, big, processing, analytics, privacy, stream, structure, storage",Big Data Processing & Analytics,"data, big, processing, analytics, privacy, stream, structure, storage,""Big Data Processing and Privacy""","data, big, processing, analytics, privacy, stream, structure, storage",Big Data Processing and Privacy,"data, big, processing, analytics, privacy, stream, structure, storage",Big Data Stream Processing and Privacy,"data, big, processing, analytics, privacy, stream, structure, storage,Big Data Analytics","data, big, processing, analytics, privacy, stream, structure, storage",Big Data Analytics,"data, big, processing, analytics, privacy, stream, structure, storage,Big Data Processing & Analytics","data, big, processing, analytics, privacy, stream, structure, storage",Big Data Processing & Analytics
"water, model, management, change, climate, elsevier, impact, decision",Climate Change and Water Management,"water, model, management, change, climate, elsevier, impact, decision,Climate Change & Water Management Models","water, model, management, change, climate, elsevier, impact, decision",Climate Change & Water Management Models,"water, model, management, change, climate, elsevier, impact, decision,""Water Resource Management under Climate Change""","water, model, management, change, climate, elsevier, impact, decision",Water Resource Management under Climate Change,"water, model, management, change, climate, elsevier, impact, decision",Climate Change Water Management Models,"water, model, management, change, climate, elsevier, impact, decision,Environmental Management","water, model, management, change, climate, elsevier, impact, decision",Environmental Management,"water, model, management, change, climate, elsevier, impact, decision,Climate Change & Water Management","water, model, management, change, climate, elsevier, impact, decision",Climate Change & Water Management
"model, based, modelling, simulation, process, elsevier, analysis, study",Simulation and Process Modeling,"model, based, modelling, simulation, process, elsevier, analysis, study,Process Simulation & Modeling","model, based, modelling, simulation, process, elsevier, analysis, study",Process Simulation & Modeling,"model, based, modelling, simulation, process, elsevier, analysis, study,""Process-based Modeling and Simulation""","model, based, modelling, simulation, process, elsevier, analysis, study",Process-based Modeling and Simulation,"model, based, modelling, simulation, process, elsevier, analysis, study",Process Simulation and Analysis,"model, based, modelling, simulation, process, elsevier, analysis, study,Simulation & Modeling","model, based, modelling, simulation, process, elsevier, analysis, study",Simulation & Modeling,"model, based, modelling, simulation, process, elsevier, analysis, study,Process Simulation & Modeling","model, based, modelling, simulation, process, elsevier, analysis, study",Process Simulation & Modeling
"model, based, approach, modeling, verification, checking, property, language",Formal Verification and Model Checking,"model, based, approach, modeling, verification, checking, property, language,Model-Based System Verification","model, based, approach, modeling, verification, checking, property, language",Model-Based System Verification,"model, based, approach, modeling, verification, checking, property, language,""Model-based Verification and Model Checking""","model, based, approach, modeling, verification, checking, property, language",Model-based Verification and Model Checking,"model, based, approach, modeling, verification, checking, property, language",Property Verification in Modeling Languages,"model, based, approach, modeling, verification, checking, property, language,Formal Verification","model, based, approach, modeling, verification, checking, property, language",Formal Verification,"model, based, approach, modeling, verification, checking, property, language,Formal Verification & Model Checking","model, based, approach, modeling, verification, checking, property, language",Formal Verification & Model Checking
"algorithm, time, network, problem, data, based, proposed, sensor",Sensor Network Algorithms,"algorithm, time, network, problem, data, based, proposed, sensor,Sensor Network Algorithms","algorithm, time, network, problem, data, based, proposed, sensor",Sensor Network Algorithms,"algorithm, time, network, problem, data, based, proposed, sensor,""Algorithmic Solutions for Sensor Networks""","algorithm, time, network, problem, data, based, proposed, sensor",Algorithmic Solutions for Sensor Networks,"algorithm, time, network, problem, data, based, proposed, sensor",Sensor Network Data Algorithms,"algorithm, time, network, problem, data, based, proposed, sensor,Sensor Networks","algorithm, time, network, problem, data, based, proposed, sensor",Sensor Networks,"algorithm, time, network, problem, data, based, proposed, sensor,Sensor Network Algorithms","algorithm, time, network, problem, data, based, proposed, sensor",Sensor Network Algorithms
"proof, logic, calculus, separation, order, semantics, theory, relation",Logic and Formal Semantics,"proof, logic, calculus, separation, order, semantics, theory, relation,Formal Logic & Proof Theory","proof, logic, calculus, separation, order, semantics, theory, relation",Formal Logic & Proof Theory,"proof, logic, calculus, separation, order, semantics, theory, relation,""Proof Theory and Logical Calculi""","proof, logic, calculus, separation, order, semantics, theory, relation",Proof Theory and Logical Calculi,"proof, logic, calculus, separation, order, semantics, theory, relation",Separation Logic Semantics,"proof, logic, calculus, separation, order, semantics, theory, relation,Mathematical Logic","proof, logic, calculus, separation, order, semantics, theory, relation",Mathematical Logic,"proof, logic, calculus, separation, order, semantics, theory, relation,Mathematical Logic & Proof Theory","proof, logic, calculus, separation, order, semantics, theory, relation",Mathematical Logic & Proof Theory
"software, safety, requirement, development, engineering, research, automotive, study",Automotive Software Safety Engineering,"software, safety, requirement, development, engineering, research, automotive, study,Automotive Software Safety & Engineering","software, safety, requirement, development, engineering, research, automotive, study",Automotive Software Safety & Engineering,"software, safety, requirement, development, engineering, research, automotive, study,""Software Safety and Automotive Engineering""","software, safety, requirement, development, engineering, research, automotive, study",Software Safety and Automotive Engineering,"software, safety, requirement, development, engineering, research, automotive, study",Automotive Safety Requirements Engineering,"software, safety, requirement, development, engineering, research, automotive, study,Safety-Critical Systems","software, safety, requirement, development, engineering, research, automotive, study",Safety-Critical Systems,"software, safety, requirement, development, engineering, research, automotive, study,Automotive Safety Engineering","software, safety, requirement, development, engineering, research, automotive, study",Automotive Safety Engineering
"race, memory, data, event, bug, concurrency, concurrent, detection",Concurrent and Memory Bug Detection,"race, memory, data, event, bug, concurrency, concurrent, detection,Concurrency & Race Condition Detection","race, memory, data, event, bug, concurrency, concurrent, detection",Concurrency & Race Condition Detection,"race, memory, data, event, bug, concurrency, concurrent, detection,""Concurrent Bug and Race Condition Detection""","race, memory, data, event, bug, concurrency, concurrent, detection",Concurrent Bug and Race Condition Detection,"race, memory, data, event, bug, concurrency, concurrent, detection",Concurrent Race Condition Detection,"race, memory, data, event, bug, concurrency, concurrent, detection,Concurrency Bugs","race, memory, data, event, bug, concurrency, concurrent, detection",Concurrency Bugs,"race, memory, data, event, bug, concurrency, concurrent, detection,Concurrency Bug Detection","race, memory, data, event, bug, concurrency, concurrent, detection",Concurrency Bug Detection
"analysis, static, flow, program, graph, precision, code, dynamic",Static and Dynamic Program Analysis,"analysis, static, flow, program, graph, precision, code, dynamic,Static & Dynamic Program Analysis","analysis, static, flow, program, graph, precision, code, dynamic",Static & Dynamic Program Analysis,"analysis, static, flow, program, graph, precision, code, dynamic,""Static and Dynamic Program Analysis""","analysis, static, flow, program, graph, precision, code, dynamic",Static and Dynamic Program Analysis,"analysis, static, flow, program, graph, precision, code, dynamic",Static Flow Analysis Precision,"analysis, static, flow, program, graph, precision, code, dynamic,Program Analysis","analysis, static, flow, program, graph, precision, code, dynamic",Program Analysis,"analysis, static, flow, program, graph, precision, code, dynamic,Program Analysis & Data Flow","analysis, static, flow, program, graph, precision, code, dynamic",Program Analysis & Data Flow
"model, learning, deep, network, neural, training, machine, method",Deep Learning Foundations,"model, learning, deep, network, neural, training, machine, method,Machine & Deep Learning Methods","model, learning, deep, network, neural, training, machine, method",Machine & Deep Learning Methods,"model, learning, deep, network, neural, training, machine, method,""Deep Learning Neural Network Models""","model, learning, deep, network, neural, training, machine, method",Deep Learning Neural Network Models,"model, learning, deep, network, neural, training, machine, method",Deep Machine Learning Methods,"model, learning, deep, network, neural, training, machine, method,Deep Learning Methods","model, learning, deep, network, neural, training, machine, method",Deep Learning Methods,"model, learning, deep, network, neural, training, machine, method,General Deep Learning Methods","model, learning, deep, network, neural, training, machine, method",General Deep Learning Methods
"test, testing, autonomous, driving, performance, input, scenario, case",Autonomous Vehicle Testing,"test, testing, autonomous, driving, performance, input, scenario, case,Autonomous Driving & Scenario Testing","test, testing, autonomous, driving, performance, input, scenario, case",Autonomous Driving & Scenario Testing,"test, testing, autonomous, driving, performance, input, scenario, case,""Autonomous Driving Testing and Performance""","test, testing, autonomous, driving, performance, input, scenario, case",Autonomous Driving Testing and Performance,"test, testing, autonomous, driving, performance, input, scenario, case",Autonomous Driving Scenario Testing,"test, testing, autonomous, driving, performance, input, scenario, case,Autonomous Systems Testing","test, testing, autonomous, driving, performance, input, scenario, case",Autonomous Systems Testing,"test, testing, autonomous, driving, performance, input, scenario, case,Autonomous Driving Testing","test, testing, autonomous, driving, performance, input, scenario, case",Autonomous Driving Testing
"model, checking, verification, property, formal, software, based, checker",Software Model Checking,"model, checking, verification, property, formal, software, based, checker,Formal Software Verification","model, checking, verification, property, formal, software, based, checker",Formal Software Verification,"model, checking, verification, property, formal, software, based, checker,""Formal Software Verification and Model Checking""","model, checking, verification, property, formal, software, based, checker",Formal Software Verification and Model Checking,"model, checking, verification, property, formal, software, based, checker",Formal Software Model Checking,"model, checking, verification, property, formal, software, based, checker,Model Checking","model, checking, verification, property, formal, software, based, checker",Model Checking,"model, checking, verification, property, formal, software, based, checker,Software Model Checking","model, checking, verification, property, formal, software, based, checker",Software Model Checking
"apps, app, user, mobile, permission, developer, issue, analysis",Mobile App Privacy and Permissions,"apps, app, user, mobile, permission, developer, issue, analysis,Mobile App Analysis & User Permissions","apps, app, user, mobile, permission, developer, issue, analysis",Mobile App Analysis & User Permissions,"apps, app, user, mobile, permission, developer, issue, analysis,""Mobile Application Permission Analysis""","apps, app, user, mobile, permission, developer, issue, analysis",Mobile Application Permission Analysis,"apps, app, user, mobile, permission, developer, issue, analysis",Mobile App Permission Analysis,"apps, app, user, mobile, permission, developer, issue, analysis,Mobile App Analysis","apps, app, user, mobile, permission, developer, issue, analysis",Mobile App Analysis,"apps, app, user, mobile, permission, developer, issue, analysis,Mobile App Security & Permissions","apps, app, user, mobile, permission, developer, issue, analysis",Mobile App Security & Permissions
"symbolic, execution, path, program, input, coverage, engine, constraint",Symbolic Execution and Constraint Solving,"symbolic, execution, path, program, input, coverage, engine, constraint,Symbolic Execution & Program Analysis","symbolic, execution, path, program, input, coverage, engine, constraint",Symbolic Execution & Program Analysis,"symbolic, execution, path, program, input, coverage, engine, constraint,""Symbolic Execution for Program Testing""","symbolic, execution, path, program, input, coverage, engine, constraint",Symbolic Execution for Program Testing,"symbolic, execution, path, program, input, coverage, engine, constraint",Symbolic Execution Path Coverage,"symbolic, execution, path, program, input, coverage, engine, constraint,Symbolic Execution","symbolic, execution, path, program, input, coverage, engine, constraint",Symbolic Execution,"symbolic, execution, path, program, input, coverage, engine, constraint,Symbolic Execution & Path Coverage","symbolic, execution, path, program, input, coverage, engine, constraint",Symbolic Execution & Path Coverage
"program, invariant, verification, loop, technique, termination, approach, property",Program Verification Techniques,"program, invariant, verification, loop, technique, termination, approach, property,Program Verification & Loop Invariants","program, invariant, verification, loop, technique, termination, approach, property",Program Verification & Loop Invariants,"program, invariant, verification, loop, technique, termination, approach, property,""Program Invariant Verification Techniques""","program, invariant, verification, loop, technique, termination, approach, property",Program Invariant Verification Techniques,"program, invariant, verification, loop, technique, termination, approach, property",Loop Invariant and Termination Verification,"program, invariant, verification, loop, technique, termination, approach, property,Program Verification","program, invariant, verification, loop, technique, termination, approach, property",Program Verification,"program, invariant, verification, loop, technique, termination, approach, property,Program Verification & Invariants","program, invariant, verification, loop, technique, termination, approach, property",Program Verification & Invariants
"fault, localization, technique, failure, program, debugging, based, spectrum",Fault Localization and Debugging,"fault, localization, technique, failure, program, debugging, based, spectrum,Fault Localization & Debugging","fault, localization, technique, failure, program, debugging, based, spectrum",Fault Localization & Debugging,"fault, localization, technique, failure, program, debugging, based, spectrum,""Spectrum-based Fault Localization""","fault, localization, technique, failure, program, debugging, based, spectrum",Spectrum-based Fault Localization,"fault, localization, technique, failure, program, debugging, based, spectrum",Spectrum-Based Debugging Techniques,"fault, localization, technique, failure, program, debugging, based, spectrum,Fault Localization","fault, localization, technique, failure, program, debugging, based, spectrum",Fault Localization,"fault, localization, technique, failure, program, debugging, based, spectrum,Fault Localization & Debugging","fault, localization, technique, failure, program, debugging, based, spectrum",Fault Localization & Debugging
"language, programming, code, semantics, compiler, specification, transformation, implementation",Programming Languages and Compilers,"language, programming, code, semantics, compiler, specification, transformation, implementation,Programming Language Semantics & Compilers","language, programming, code, semantics, compiler, specification, transformation, implementation",Programming Language Semantics & Compilers,"language, programming, code, semantics, compiler, specification, transformation, implementation,""Programming Language Semantics and Compilation""","language, programming, code, semantics, compiler, specification, transformation, implementation",Programming Language Semantics and Compilation,"language, programming, code, semantics, compiler, specification, transformation, implementation",Programming Language Compiler Semantics,"language, programming, code, semantics, compiler, specification, transformation, implementation,Programming Languages","language, programming, code, semantics, compiler, specification, transformation, implementation",Programming Languages,"language, programming, code, semantics, compiler, specification, transformation, implementation,Programming Language Design & Compilers","language, programming, code, semantics, compiler, specification, transformation, implementation",Programming Language Design & Compilers
"algorithm, synthesis, automaton, constraint, problem, solver, specification, state",Constraint-Based Program Synthesis,"algorithm, synthesis, automaton, constraint, problem, solver, specification, state,Automata Theory & Program Synthesis","algorithm, synthesis, automaton, constraint, problem, solver, specification, state",Automata Theory & Program Synthesis,"algorithm, synthesis, automaton, constraint, problem, solver, specification, state,""Constraint-based Algorithm Synthesis and Automata""","algorithm, synthesis, automaton, constraint, problem, solver, specification, state",Constraint-based Algorithm Synthesis and Automata,"algorithm, synthesis, automaton, constraint, problem, solver, specification, state",Constraint-Based Automaton Synthesis,"algorithm, synthesis, automaton, constraint, problem, solver, specification, state,Program Synthesis","algorithm, synthesis, automaton, constraint, problem, solver, specification, state",Program Synthesis,"algorithm, synthesis, automaton, constraint, problem, solver, specification, state,Program Synthesis & Constraint Solving","algorithm, synthesis, automaton, constraint, problem, solver, specification, state",Program Synthesis & Constraint Solving
"model, process, transformation, modeling, language, approach, business, tool",Business Process Modeling,"model, process, transformation, modeling, language, approach, business, tool,Business Process Modeling & Transformation","model, process, transformation, modeling, language, approach, business, tool",Business Process Modeling & Transformation,"model, process, transformation, modeling, language, approach, business, tool,""Business Process Modeling and Transformation""","model, process, transformation, modeling, language, approach, business, tool",Business Process Modeling and Transformation,"model, process, transformation, modeling, language, approach, business, tool",Business Process Model Transformations,"model, process, transformation, modeling, language, approach, business, tool,Model-Driven Engineering","model, process, transformation, modeling, language, approach, business, tool",Model-Driven Engineering,"model, process, transformation, modeling, language, approach, business, tool,Business Process Modeling","model, process, transformation, modeling, language, approach, business, tool",Business Process Modeling
"mobile, device, edge, network, user, application, computing, offloading",Edge and Mobile Computing,"mobile, device, edge, network, user, application, computing, offloading,Mobile & Edge Computing","mobile, device, edge, network, user, application, computing, offloading",Mobile & Edge Computing,"mobile, device, edge, network, user, application, computing, offloading,""Mobile Edge Computing and Offloading""","mobile, device, edge, network, user, application, computing, offloading",Mobile Edge Computing and Offloading,"mobile, device, edge, network, user, application, computing, offloading",Mobile Edge Computing Offloading,"mobile, device, edge, network, user, application, computing, offloading,Mobile Edge Computing","mobile, device, edge, network, user, application, computing, offloading",Mobile Edge Computing,"mobile, device, edge, network, user, application, computing, offloading,Mobile Edge Computing","mobile, device, edge, network, user, application, computing, offloading",Mobile Edge Computing
"graph, vertex, path, edge, query, processing, time, network",Graph Query Processing,"graph, vertex, path, edge, query, processing, time, network,Graph Query Processing","graph, vertex, path, edge, query, processing, time, network",Graph Query Processing,"graph, vertex, path, edge, query, processing, time, network,""Graph Query Processing and Path Algorithms""","graph, vertex, path, edge, query, processing, time, network",Graph Query Processing and Path Algorithms,"graph, vertex, path, edge, query, processing, time, network",Time-Efficient Graph Path Queries,"graph, vertex, path, edge, query, processing, time, network,Graph Query Processing","graph, vertex, path, edge, query, processing, time, network",Graph Query Processing,"graph, vertex, path, edge, query, processing, time, network,Graph Query Processing","graph, vertex, path, edge, query, processing, time, network",Graph Query Processing
"mutant, mutation, operator, equivalent, testing, program, analysis, suite",Mutation Testing,"mutant, mutation, operator, equivalent, testing, program, analysis, suite,Mutation Testing","mutant, mutation, operator, equivalent, testing, program, analysis, suite",Mutation Testing,"mutant, mutation, operator, equivalent, testing, program, analysis, suite,""Mutation Testing and Operator Analysis""","mutant, mutation, operator, equivalent, testing, program, analysis, suite",Mutation Testing and Operator Analysis,"mutant, mutation, operator, equivalent, testing, program, analysis, suite",Mutation Operator Analysis in Testing,"mutant, mutation, operator, equivalent, testing, program, analysis, suite,Mutation Testing","mutant, mutation, operator, equivalent, testing, program, analysis, suite",Mutation Testing,"mutant, mutation, operator, equivalent, testing, program, analysis, suite,Mutation Testing","mutant, mutation, operator, equivalent, testing, program, analysis, suite",Mutation Testing
"quantum, circuit, computer, program, computing, software, classical, qubits",Quantum Computing and Circuits,"quantum, circuit, computer, program, computing, software, classical, qubits,Quantum Computing & Software","quantum, circuit, computer, program, computing, software, classical, qubits",Quantum Computing & Software,"quantum, circuit, computer, program, computing, software, classical, qubits,""Quantum Circuit and Computing""","quantum, circuit, computer, program, computing, software, classical, qubits",Quantum Circuit and Computing,"quantum, circuit, computer, program, computing, software, classical, qubits",Quantum Circuit Programming,"quantum, circuit, computer, program, computing, software, classical, qubits,Quantum Computing","quantum, circuit, computer, program, computing, software, classical, qubits",Quantum Computing,"quantum, circuit, computer, program, computing, software, classical, qubits,Quantum Computing & Software","quantum, circuit, computer, program, computing, software, classical, qubits",Quantum Computing & Software
"type, typing, typed, gradual, session, inference, refinement, function",Type Systems and Type Inference,"type, typing, typed, gradual, session, inference, refinement, function,Type Systems & Inference","type, typing, typed, gradual, session, inference, refinement, function",Type Systems & Inference,"type, typing, typed, gradual, session, inference, refinement, function,""Type Systems and Typing Inference""","type, typing, typed, gradual, session, inference, refinement, function",Type Systems and Typing Inference,"type, typing, typed, gradual, session, inference, refinement, function",Gradual Type Inference and Refinement,"type, typing, typed, gradual, session, inference, refinement, function,Type Systems","type, typing, typed, gradual, session, inference, refinement, function",Type Systems,"type, typing, typed, gradual, session, inference, refinement, function,Type Systems & Type Inference","type, typing, typed, gradual, session, inference, refinement, function",Type Systems & Type Inference
"problem, constraint, solution, solver, instance, programming, relaxation, integer",Constraint Programming and Integer Optimization,"problem, constraint, solution, solver, instance, programming, relaxation, integer,Constraint & Integer Programming","problem, constraint, solution, solver, instance, programming, relaxation, integer",Constraint & Integer Programming,"problem, constraint, solution, solver, instance, programming, relaxation, integer,""Constraint Programming and Integer Relaxation""","problem, constraint, solution, solver, instance, programming, relaxation, integer",Constraint Programming and Integer Relaxation,"problem, constraint, solution, solver, instance, programming, relaxation, integer",Integer Constraint Programming Solvers,"problem, constraint, solution, solver, instance, programming, relaxation, integer,Constraint Programming","problem, constraint, solution, solver, instance, programming, relaxation, integer",Constraint Programming,"problem, constraint, solution, solver, instance, programming, relaxation, integer,Integer Constraint Programming","problem, constraint, solution, solver, instance, programming, relaxation, integer",Integer Constraint Programming
"smell, code, design, detection, bad, study, class, test",Code Smell Detection,"smell, code, design, detection, bad, study, class, test,Code Smell & Design Pattern Detection","smell, code, design, detection, bad, study, class, test",Code Smell & Design Pattern Detection,"smell, code, design, detection, bad, study, class, test,""Code Smell Detection and Software Design""","smell, code, design, detection, bad, study, class, test",Code Smell Detection and Software Design,"smell, code, design, detection, bad, study, class, test",Code Smell Detection in Classes,"smell, code, design, detection, bad, study, class, test,Code Smell Detection","smell, code, design, detection, bad, study, class, test",Code Smell Detection,"smell, code, design, detection, bad, study, class, test,Code Smell Detection","smell, code, design, detection, bad, study, class, test",Code Smell Detection
"optimization, design, topology, objective, structural, problem, proposed, based",Structural Optimization and Design,"optimization, design, topology, objective, structural, problem, proposed, based,Structural & Topology Optimization","optimization, design, topology, objective, structural, problem, proposed, based",Structural & Topology Optimization,"optimization, design, topology, objective, structural, problem, proposed, based,""Structural Topology Optimization""","optimization, design, topology, objective, structural, problem, proposed, based",Structural Topology Optimization,"optimization, design, topology, objective, structural, problem, proposed, based",Topology Optimization for Structural Design,"optimization, design, topology, objective, structural, problem, proposed, based,Structural Optimization","optimization, design, topology, objective, structural, problem, proposed, based",Structural Optimization,"optimization, design, topology, objective, structural, problem, proposed, based,Structural Topology Optimization","optimization, design, topology, objective, structural, problem, proposed, based",Structural Topology Optimization
"model, analysis, simulation, structure, material, method, data, element",Finite Element Structural Simulation,"model, analysis, simulation, structure, material, method, data, element,Material & Structural Simulation","model, analysis, simulation, structure, material, method, data, element",Material & Structural Simulation,"model, analysis, simulation, structure, material, method, data, element,""Material Structure Modeling and Simulation""","model, analysis, simulation, structure, material, method, data, element",Material Structure Modeling and Simulation,"model, analysis, simulation, structure, material, method, data, element",Material Structure Simulation Analysis,"model, analysis, simulation, structure, material, method, data, element,Finite Element Analysis","model, analysis, simulation, structure, material, method, data, element",Finite Element Analysis,"model, analysis, simulation, structure, material, method, data, element,Finite Element Material Analysis","model, analysis, simulation, structure, material, method, data, element",Finite Element Material Analysis
"vulnerability, security, attack, code, analysis, vulnerable, secure, detection",Software Security and Vulnerability Detection,"vulnerability, security, attack, code, analysis, vulnerable, secure, detection,Security Vulnerability & Code Analysis","vulnerability, security, attack, code, analysis, vulnerable, secure, detection",Security Vulnerability & Code Analysis,"vulnerability, security, attack, code, analysis, vulnerable, secure, detection,""Software Vulnerability Detection and Security""","vulnerability, security, attack, code, analysis, vulnerable, secure, detection",Software Vulnerability Detection and Security,"vulnerability, security, attack, code, analysis, vulnerable, secure, detection",Code Vulnerability Security Detection,"vulnerability, security, attack, code, analysis, vulnerable, secure, detection,Vulnerability Detection","vulnerability, security, attack, code, analysis, vulnerable, secure, detection",Vulnerability Detection,"vulnerability, security, attack, code, analysis, vulnerable, secure, detection,Security Vulnerability Detection","vulnerability, security, attack, code, analysis, vulnerable, secure, detection",Security Vulnerability Detection
"mesh, element, finite, boundary, domain, method, surface, grid",Finite Element and Mesh Methods,"mesh, element, finite, boundary, domain, method, surface, grid,Finite Element & Mesh Methods","mesh, element, finite, boundary, domain, method, surface, grid",Finite Element & Mesh Methods,"mesh, element, finite, boundary, domain, method, surface, grid,""Finite Element Mesh and Surface Methods""","mesh, element, finite, boundary, domain, method, surface, grid",Finite Element Mesh and Surface Methods,"mesh, element, finite, boundary, domain, method, surface, grid",Finite Element Mesh Generation,"mesh, element, finite, boundary, domain, method, surface, grid,Computational Meshing","mesh, element, finite, boundary, domain, method, surface, grid",Computational Meshing,"mesh, element, finite, boundary, domain, method, surface, grid,Finite Element Mesh Methods","mesh, element, finite, boundary, domain, method, surface, grid",Finite Element Mesh Methods