topic_label,topic_words
Natural Language Processing,"natural, language, processing, text, understanding"
Reinforcement Learning Agents,"reinforcement, agent, environment, reward, policy"
AI Ethics and Fairness,"data, bias, fairness, ethics, transparency"
Knowledge Representation & Logic,"knowledge, representation, reasoning, ontology, logic"
Formal Ontology and Logic,"ontology, logic, semantics, description, reasoning"
Nonmonotonic Reasoning Systems,"nonmonotonic, defeasibility, belief, revision, default"
Structured Representation Formalisms,"rules, production, frames, networks, semantic"
Agent Knowledge and Reasoning,"agent, architecture, intelligent, belief, intention"
Explainable Knowledge Representation,"explainable, interpretability, transparency, symbolic, justification"
Default Logic and Uncertainty,"defeasibility, logic, inference, default, uncertainty"
First-Order Circumscription,"circumscription, minimization, predicate, abnormal, models"
Autoepistemic Logic,"autoepistemic, belief, knowledge, extensions, stable"
Abductive Reasoning Formalisms,"abduction, explanation, hypothesis, diagnostics, evidence"
Belief Revision and Change,"revision, change, contraction, expansion, theory"
Abstract Argumentation Frameworks,"argumentation, semantics, frameworks, attack, justification"
Post-hoc Explainability Methods,"post-hoc, lime, shap, explanation, approximation"
Ethical AI and Trust,"fairness, bias, accountability, ethics, trust"
Causal and Counterfactual Explanations,"counterfactual, recourse, causal, what-if, influence"
Human-Centered XAI,"human, user, interface, evaluation, cognition"
Visual Explanation Techniques,"visual, heatmap, saliency, attention, visualization"
Inference in Commonsense,"inference, nonmonotonic, logic, deduction, abduction"
Temporal and Causal Reasoning,"time, causality, actions, events, planning"
Mental State Reasoning,"beliefs, desires, intentions, emotions, theory"
Data and Benchmarking,"crowdsourcing, human, labeling, evaluation, benchmarks"
First-Order Logic Foundations,"first-order, quantifiers, predicates, logic, semantics"
Knowledge Representation and Inference,"knowledge, representation, reasoning, inference, axioms"
Description Logic Modeling,"classes, roles, individuals, dl, description"
Ontologies for Semantic Web,"semantic, web, owl, rdf, alignment"
Non-Classical and Modal Logics,"modal, temporal, non-monotonic, default, belief"
Automated Reasoning and Proof,"automated, theorem, proving, resolution, unification"
Logic-Based Knowledge Graphs,"graph, data, schema, linked, triple"
Neuro-Symbolic Integration,"neural, symbolic, integration, knowledge, logic"
Automated Reasoning & Planning,"reasoning, automatic, planning, constraints, consistency"
Knowledge Representation,"representation, graph, ontology, facts, rules"
Explainable Neuro-Symbolic AI,"explainable, interpretability, trust, transparency, insights"
Differentiable Logic Programming,"program, synthesis, logic, programming, differentiable"
Neuro-Symbolic Applications,"commonsense, robotics, nlp, vision, application"
Foundational XAI Concepts,"interpretability, transparency, trust, fidelity, auditability"
Model-Agnostic Explainers,"lime, shap, agnostic, local, importance"
Feature Importance & Visualization,"features, relevance, attribution, heatmaps, visualization"
Responsible AI and XAI,"responsible, fairness, bias, governance, ethics"
Causal and Contrastive Explanations,"causality, counterfactual, systems, why, what-if"
Inherently Interpretable Models,"rules, trees, linear, logic, inherent"
Generative Adversarial Networks,"gan, adversarial, generator, discriminator, network"
Transformer-based Models,"transformer, attention, sequence, language, modeling"
Text-to-Image Generation,"text, image, synthesis, multimodal, generation"
Controlled Content Generation,"prompt, engineering, control, conditioning, inputs"
Generative AI Ethics,"ethical, bias, safety, alignment, responsible"
Ontological Knowledge Representation,"ontology, logic, semantics, description, inference"
Nonmonotonic Logic and Belief Revision,"nonmonotonic, defeasible, revision, belief, update"
Commonsense and Qualitative Reasoning,"commonsense, knowledgebase, concept, context, qualitative"
Knowledge Graphs and Semantic Networks,"graph, semantic, network, frame, relationships"
Logic Programming and Deduction,"logic, programming, prolog, rule, deductive"
Automated Reasoning and Theorem Proving,"automated, theorem, proving, satisfiability, solver"
Neuro-Symbolic Integration,"neurosymbolic, integration, neural, logic, hybrid"
Deep Learning Optimization,"gradient, loss, backpropagation, weights, optimization"
Reinforcement Learning Agents,"reinforcement, agent, environment, reward, policy"
Unsupervised Learning Techniques,"unsupervised, clustering, dimensionality, reduction, manifold"
Ethical AI and Fairness,"dataset, bias, fairness, interpretability, ethics"
Convolutional Neural Networks,"convolutional, neural, image, vision, recognition"
Attention Mechanisms in NLP,"transformer, attention, sequence, nlp, language"
Tree-Based Ensemble Methods,"trees, ensemble, boosting, random, forest"
Facial Detection and Alignment,"detection, tracking, alignment, localization, features"
Deep Learning for Recognition,"deep, convolutional, network, learning, embeddings"
Robustness to Face Variations,"illumination, pose, occlusion, robustness, variations"
Age-Invariant Recognition,"age, invariance, cross-age, aging, progression"
Facial Expression and Emotion,"expression, emotion, analysis, behavioral, dynamic"
Biometric Security and Liveness,"biometric, verification, identification, liveness, spoofing"
Supervised Pattern Classification,"classification, features, training, testing, model"
Unsupervised Data Clustering,"clustering, unsupervised, similarity, distance, groups"
Deep Learning Techniques,"deep, networks, convolutional, recurrent, learning"
Visual Pattern Recognition,"image, pixels, segmentation, object, detection"
Acoustic Pattern Analysis,"speech, audio, voice, recognition, signal"
Temporal Sequence Mining,"sequential, temporal, series, dynamics, prediction"
Feature Engineering & Reduction,"feature, extraction, selection, dimensionality, reduction"
Digital Signal Processing Fundamentals,"digital, sampling, quantization, filtering, transforms"
Audio & Speech Signal Processing,"audio, speech, acoustic, music, compression"
Image and Video Processing,"image, video, processing, segmentation, computer"
Wireless Communications Signal Processing,"wireless, communication, channel, mimo, waveform"
Time-Frequency Spectral Analysis,"time, frequency, analysis, spectral, estimation"
Signal Processing via AI/ML,"machine, learning, deep, neural, algorithms"
Sensor Array Signal Processing,"sensor, array, radar, detection, estimation"
Deep Neural Networks,"neural, networks, deep, learning, model"
Reinforcement Learning Agents,"reinforcement, agent, reward, policy, environment"
Natural Language Processing,"language, natural, processing, semantics, text"
Image Recognition & Vision,"computer, vision, image, detection, recognition"
Knowledge Representation Logic,"logic, knowledge, reasoning, representation, ontology"
Explainable AI (XAI),"explainable, interpretability, transparency, xai, feature"
Human Memory Processes,"memory, encoding, retrieval, working, long-term"
Sensory Perception and Processing,"perception, sensory, processing, visual, auditory"
Language and Communication,"language, comprehension, production, linguistics, semantics"
Decision Making and Judgment,"decision, making, rationality, heuristics, judgment"
Attention and Cognitive Control,"attention, selective, sustained, executive, control"
Problem Solving and Reasoning,"problem, solving, reasoning, logic, deduction"
Computational Neuroscience Modeling,"neural, networks, computation, brain, modeling"
Multi-Agent Systems,"agent, multiagent, coordination, negotiation, interaction"
Autonomous Agent Planning,"planning, reasoning, goal, environment, deliberation"
Responsible Agentic AI,"safety, alignment, ethics, governance, responsible"
LLM-Powered Agents,"llm, tool, memory, orchestration, chaining"
Agent Learning & Adaptation,"learning, adaptation, reinforcement, evolution, self-improving"
Human-Agent Interaction,"human-agent, collaboration, trust, interface, teaming"
Agentic Problem Solving,"exploration, search, problem, solving, action"
Structural Mapping and Transfer,"mapping, structure, relations, similarity, transfer"
Analogical Problem Solving,"problem, solving, retrieval, source, target"
Metaphor and Conceptual Analogy,"metaphor, conceptual, language, figurative, creativity"
Analogical AI Systems,"ai, reasoning, models, computational, systems"
Justification of Analogical Reasoning,"justification, induction, deduction, argument, epistemology"
Analogy in Scientific Discovery,"scientific, discovery, model, hypothesis, innovation"
Digital Ink Processing,"digital, ink, strokes, segmentation, gestures"
Template-Based Recognition,"template, matching, primitive, feature, geometric"
Model Evaluation & Training,"classifier, training, accuracy, model, dataset"
Interactive Sketch Interfaces,"haptics, interaction, user, interface, multimodal"
Semantic Sketch Interpretation,"semantics, understanding, concept, context, domain"
Sketch-Based Image Retrieval,"retrieval, search, query, image, content"
Chirp Spread Spectrum,"chirp, spread, spectrum, css, bandwidth"
Spreading Factor Optimization,"spreading, factor, datarate, range, tradeoff"
Interference and Coexistence,"interference, coexistence, collision, duty-cycle, throughput"
Bit Error Rate Analysis,"ber, snr, fading, channel, analysis"
LoRaWAN Protocol Performance,"lorawan, mac, network, gateway, end-device"
Energy Efficiency in LoRa,"energy, battery, power, consumption, efficiency"
Energy Efficient WSNs,"energy, efficiency, lifetime, power, management"
Sensor Node Localization,"localization, node, positioning, tracking, geographical"
WSN Security and Trust,"security, intrusion, encryption, threat, detection"
In-Network Data Processing,"data, aggregation, compression, processing, storage"
Quality of Service,"quality, service, qos, latency, reliability"
MAC Layer Scheduling,"mac, scheduling, access, collision, medium"
Standard IoT Protocols,"protocol, mqtt, coap, lorawan, http"
IoT Security and Privacy,"security, privacy, authentication, encryption, trust"
Low-Power Wide Area Networks,"low-power, lpwan, energy, efficiency, battery"
IoT Resource Management,"network, resource, allocation, optimization, management"
Edge and Fog Computing,"edge, fog, computing, processing, offloading"
Wireless Sensor Networking,"wireless, sensor, m2m, devices, connectivity"
Low-Power IoT Communication,"lpwan, iot, low-power, sensor, battery"
MAC Layer Efficiency Protocols,"mac, protocol, sleep, wakeup, duty-cycle"
Wireless Resource Optimization,"resource, allocation, scheduling, power, optimization"
Data Center Energy Reduction,"hvac, cooling, data, centers, consumption"
AI for Energy Management,"ai, machine, learning, predictive, management"
Smart Grid Energy Efficiency,"smart, grid, demand, response, utility"
Cloud Resource Management,"cloud, storage, computing, cpu, bandwidth"
Project Resource Planning,"project, management, capacity, planning, workload"
Energy-Efficient Resource Use,"energy, power, consumption, green, sustainability"
Mobile Edge Computation Offloading,"offloading, computation, edge, mobile, latency"
Wireless Resource Allocation Optimization,"resource, allocation, scheduling, wireless, optimization"
Hierarchical Edge-Cloud Architectures,"cloud, fog, edge, hierarchy, deployment"
Content Caching at the Edge,"caching, content, distribution, prefetching, edge"
Federated Learning in Edge Networks,"learning, federated, edge, distributed, training"
Security and Privacy in Edge Computing,"security, privacy, authentication, trust, data"
Chaos-Based Image Encryption,"scrambling, diffusion, permutation, pixel, confusion"
Conventional Encryption Algorithms,"stream, block, cipher, aes, des"
Transform Domain Encryption,"transform, wavelet, fourier, domain, dct"
Image Security Analysis,"security, analysis, histogram, entropy, correlation"
AI in Image Cryptography,"neural, convolutional, network, deep, machine"
DNA-Based Image Cryptography,"dna, rna, nucleotides, sequence, biological"
Encrypted Image Compression,"compression, lossless, jpeg, data, efficiency"
Frequency Domain Analysis,"fft, dft, transform, frequency, analysis"
Digital Filter Design,"convolution, filter, impulse, response, design"
Signal Conversion Principles,"sampling, quantization, aliasing, reconstruction, theorem"
Wavelet Signal Processing,"wavelet, decomposition, multiresolution, compression, denoising"
Audio Signal Processing,"speech, audio, voice, recognition, enhancement"
Spectral Estimation Methods,"estimation, spectral, power, density, periodogram"
Digital Modulation Techniques,"modulation, demodulation, carrier, symbol, techniques"
Channel Coding & Error Control,"channel, coding, error, detection, correction"
Multiple Access and Sharing,"multiplexing, access, multiple, frequency, division"
Wireless Communication Networks,"networks, wireless, cellular, protocols, standards"
Digital Signal Processing,"signal, processing, digital, sampling, filter"
Information Theory Principles,"information, theory, entropy, capacity, shannon"
Channel Impairments and Performance,"fading, interference, noise, channel, performance"
Next-Generation Cellular Networks,"5g, beyond, latency, massive, mimo"
Dynamic Spectrum Management,"spectrum, sensing, cognitive, dynamic, allocation"
IoT and Wireless Sensor Networks,"internet, iot, sensor, energy, network"
Mobile Edge Computing,"edge, computing, mobile, offloading, distributed"
Mobile Network Security,"security, blockchain, framework, threat, encryption"
Resource Allocation Optimization,"resource, optimization, scheduling, power, allocation"
Vehicular Communications (V2X),"vehicle, v2x, d2d, communication, vehicular"
Massive MIMO Systems,"mimo, massive, channel, precoding, diversity"
Cognitive Radio Spectrum Management,"spectrum, cognitive, resource, allocation, interference"
Next-Generation Mobile Networks,"5g, 6g, networks, future, broadband"
Physical Layer Security,"security, encryption, privacy, physical, authentication"
Wireless Channel Modeling,"channel, estimation, equalization, propagation, modeling"
IoT Sensor Networks,"iot, sensor, low-power, lpwan, connectivity"
Advanced Modulation and Coding,"modulation, coding, ofdm, techniques, performance"
MIMO-OFDM Channel Modeling,"mimo, ofdm, wireless, systems, multipath"
LS Channel Estimation Techniques,"least, squares, estimation, pilot-based, performance"
MMSE Estimation Algorithms,"mmse, minimization, error, linear, adaptive"
Deep Learning Channel Estimation,"deep, learning, neural, networks, data-driven"
Sparse Channel Estimation,"compressed, sensing, sparse, channel, recovery"
Blind Channel Estimation Methods,"blind, subspace, hos-based, conventional, data"
Massive MIMO Channel Estimation,"massive, hybrid, millimeter-wave, beamforming, 5g"
Massive MIMO Beamforming,"antenna, massive, beamforming, arrays, spatial"
Channel Estimation Challenges,"channel, estimation, feedback, aging, delay"
Efficiency Optimization in MIMO,"spectral, energy, efficiency, performance, optimization"
Multi-User Interference Mitigation,"multi-user, interference, mitigation, detection, scheduling"
Adaptive Precoding Techniques,"precoding, adaptive, matrix, downlink, uplink"
MmWave MIMO Systems,"millimeter, wave, frequency, propagation, band"
Reconfigurable Intelligent Surfaces,"ris, intelligent, surfaces, reflecting, reconfigurable"
Cooperative Diversity Techniques,"diversity, spatial, fading, channel, combine"
Optimal Relay Selection Schemes,"selection, best, protocol, performance, outage"
Amplify-and-Forward Protocols,"amplify, forward, decode, protocol, information"
Cooperative NOMA Networks,"noma, access, multiple, interference, power"
Resource Allocation Optimization,"resource, allocation, power, spectrum, optimization"
Secure Cooperative Communication,"secure, secrecy, jamming, eavesdropper, physical"
Practical Cooperative Systems,"synchronization, distributed, network, asynchronous, practical"
NOMA Resource Allocation,"power, allocation, user, grouping, optimization"
Successive Interference Cancellation,"successive, interference, cancellation, sic, receiver"
NOMA Performance Enhancement,"spectral, efficiency, massive, connectivity, performance"
NOMA Multiple Access Schemes,"power-domain, code-domain, scma, pdma, techniques"
Channel State Information,"channel, estimation, csi, fading, modeling"
AI for NOMA Optimization,"deep, learning, ai, machine, optimization"
Advanced NOMA System Architectures,"cooperative, relaying, ris, mimo, systems"
Intelligent Reflecting Surfaces,"reconfigurable, surface, intelligent, reflection, metasurface"
RIS Channel Optimization,"channel, estimation, passive, phase, optimization"
Passive Beamforming Arrays,"beamforming, passive, array, gain, direction"
RIS in Wireless Communications,"wireless, communications, mimo, noma, coverage"
Energy Efficient RIS,"energy, efficiency, harvesting, low-power, consumption"
Physical Layer Security,"security, privacy, physical-layer, eavesdropping, encryption"
AI-Driven RIS Control,"reinforcement, learning, ai, control, deep"
Energy Consumption Efficiency,"consumption, efficiency, reduction, management, system"
Optimization Algorithms & Modeling,"algorithms, mathematical, linear, nonlinear, constraints"
Wireless Network Power Allocation,"wireless, transmission, resource, allocation, network"
AI for Power Optimization,"machine, learning, predictive, forecasting, adaptive"
Self-Interference Cancellation Techniques,"self-interference, cancellation, analog, digital, mitigation"
Simultaneous Bidirectional Wireless Communication,"duplex, transmission, simultaneous, bidirectional, wireless"
MIMO Full-Duplex Systems,"mimo, networks, beamforming, massive, spatial"
Full-Duplex Performance Metrics,"throughput, efficiency, spectrum, data, rate"
Full-Duplex Hardware Implementation,"hardware, circuit, integrated, rf, design"
Channel Estimation and Modeling,"channel, estimation, modeling, equalization, propagation"
Antenna Design and Arrays,"antenna, design, radiation, impedance, array"
Microwave and mmWave Circuits,"microwave, frequency, millimeterwave, circuits, waveguide"
Radio Wave Propagation,"propagation, channel, fading, electromagnetic, pathloss"
RF Transceiver Systems,"transmitter, receiver, transceiver, modulation, system"
RF Circuit Components,"lna, mixer, amplifier, oscillator, filter"
RF Power Amplifiers,"power, linearity, efficiency, amplifier, consumption"
RF Characterization and Modeling,"s-parameters, matching, network, measurement, simulation"
Antenna and Array Design,"antenna, array, matching, feed, phased"
Passive Component Modeling,"filter, coupler, splitter, waveguide, resonator"
Active Circuit Design,"amplifier, oscillator, mixer, noise, gain"
Microwave Sensing Systems,"radar, sensing, detection, imaging, system"
Transmission Line Theory,"transmission, line, impedance, microstrip, s-parameters"
Signal Processing Techniques,"fourier, time, frequency, signal, spectrum"
High-Power Microwave Devices,"power, device, semiconductor, gallium, nitride"
Microstrip Patch Antennas,"microstrip, patch, substrate, radiation, impedance"
Antenna Arrays and MIMO,"array, mimo, beamforming, phased, coupling"
Ultrawideband Antenna Systems,"ultrawideband, frequency, bandwidth, impulse, time"
Wearable and Implantable Antennas,"wearable, implantable, flexible, medical, body"
Metamaterial-Based Antenna Structures,"metamaterial, structure, composite, negative, refractive"
Reconfigurable Antenna Design,"reconfigurable, tuning, switch, p-i-n, frequency"
Antenna Theory and Design,"antenna, array, design, radiation, impedance"
RF and Microwave Circuits,"microwave, millimeterwave, circuits, passive, active"
RF Signal Propagation,"signal, propagation, channel, fading, electromagnetic"
RF Power Amplifiers,"amplifier, power, linearization, efficiency, wideband"
RF Filtering and Components,"filter, duplexer, frequency, selectivity, resonator"
Wireless RF Systems,"wireless, communication, systems, receiver, transmitter"
RF Sensing and Radar,"sensing, radar, imaging, remote, detection"
Antenna Array Beamforming,"antenna, array, phased, beamforming, gain"
Microwave Circuit Components,"circuits, devices, passive, active, components"
High-Efficiency Power Amplifiers,"power, amplifier, doherty, efficiency, linearity"
Wireless Communication Systems,"wireless, communication, systems, 5g, satellite"
Substrate Integrated Waveguide Components,"waveguide, substrate, integrated, filter, coupler"
Radar System Design,"radar, systems, duplexer, transmitter, receiver"
Metamaterials and Modeling,"metamaterial, electromagnetic, characterization, modeling, simulation"
Phased Array Beam Steering,"phased, array, beamforming, scanning, elements"
Microstrip Patch Antenna,"microstrip, patch, substrate, fed, resonant"
Dielectric Resonator Antennas,"dielectric, resonator, modes, radiation, efficiency"
Metamaterial Antenna Structures,"metamaterial, unit, cell, surface, negative"
Multiband Antenna Systems,"multiband, wideband, frequency, reconfigurable, tuning"
MIMO Antenna Design,"mimo, multiple, channel, correlation, capacity"
Network Performance Metrics,"bandwidth, throughput, latency, congestion, qos"
Resource Allocation Mechanisms,"allocation, scheduling, fairness, optimization, capacity"
AI for Network Optimization,"machine, learning, reinforcement, predictive, automation"
Energy-Efficient Networking,"energy, consumption, efficiency, green, sustainable"
Edge Computing Resource Allocation,"edge, cloud, offloading, computing, mobile"
Intelligent Traffic Management,"traffic, engineering, routing, load, balancing"
Next-Generation Wireless Networks,"five-g, six-g, massive, mimo, cell"
IoT Sensor Networks,"iot, sensor, low-power, lpwan, connectivity"
Network Resource Optimization,"resource, allocation, scheduling, optimization, spectrum"
Mobile Edge Computing,"mobile, edge, computing, caching, offloading"
Wireless Network Security,"security, privacy, authentication, encryption, threats"
Ad-Hoc and Mesh Networks,"mesh, ad-hoc, routing, protocol, architecture"
Computation Offloading Strategies,"offloading, computation, task, delay, resource"
Mobile User Mobility Management,"mobility, handover, tracking, user, management"
Edge Computing for IoT,"iot, sensor, data, processing, network"
Edge Security and Privacy,"security, privacy, authentication, encryption, trust"
Content Caching and Delivery,"caching, content, distribution, storage, delivery"
Network Performance Optimization,"latency, throughput, reliability, performance, optimization"
Wireless Resource Allocation,"spectrum, scheduling, allocation, interference, wireless"
Fault Tolerance & Consensus,"consistency, fault, replication, paxos, raft"
System Scalability & Performance,"concurrency, scalability, latency, throughput, performance"
Distributed Communication Protocols,"message, rpc, protocol, inter-process, communication"
Resource Management & Allocation,"scheduling, resource, allocation, load, balancing"
Security in Distributed Systems,"security, encryption, trust, privacy, access"
Modern Distributed Architectures,"serverless, microservices, container, orchestration, cloud"
Linear Programming Methods,"simplex, dual, constraints, feasible, maximization"
Unconstrained Nonlinear Optimization,"gradient, newton, descent, hessian, unconstrained"
Constrained Optimization Conditions,"karush, kuhn, tucker, optimality, constrained"
Nonlinear Optimization Algorithms,"penalty, augmented, lagrangian, barrier, multiplier"
Discrete Optimization,"integer, mixed, branch, bound, combinatorial"
Optimization Step Strategies,"trust, region, linesearch, search, step"
Grid Reliability and Fault Detection,"detection, self-healing, fault, reliability, estimation"
Smart Grid Cybersecurity,"security, cyber, protection, privacy, attack"
Energy Management & Optimization,"optimization, resource, load, energy, management"
Microgrid Stability and Resilience,"microgrids, islanding, stability, resilience, local"
Demand Response Strategies,"demand, response, load, shedding, pricing"
Renewable Energy Integration,"renewable, integration, grid, stability, forecasting"
Smart Grid Technologies,"smart, grid, communication, infrastructure, metering"
Energy Storage Optimization,"storage, battery, optimization, capacity, scheduling"
Building Energy Efficiency,"building, efficiency, hvac, lighting, insulation"
Energy Performance Analysis,"audits, monitoring, consumption, analysis, baseline"
Microgrid Design & Resilience,"microgrids, resilience, decentralized, reliability, islanding"
Smart Thermostat Control,"smart, thermostat, hvac, scheduling, control"
Intelligent Load Management,"load, shifting, appliances, storage, management"
Home Renewable Energy Systems,"photovoltaic, solar, battery, generation, microgrid"
Building Envelope Efficiency,"insulation, air, sealing, envelope, efficiency"
Occupant Behavior and Energy,"behavior, occupancy, awareness, feedback, user"
Smart Lighting Optimization,"lighting, led, fixtures, dimming, automation"
Nanomaterials and Synthesis,"nanoparticles, graphene, carbon, synthesis, functionalization"
Composite Materials Mechanics,"polymer, composite, matrix, fiber, strength"
Ceramic Processing and Structure,"ceramic, oxide, sintering, structural, porosity"
Electronic Materials Design,"electronic, semiconductor, device, fabrication, transistor"
Energy Storage Materials,"battery, storage, electrode, electrolyte, cathode"
Biomaterials for Tissue Engineering,"scaffold, tissue, regeneration, biocompatibility, implant"
Computational Materials Science,"computational, modeling, simulation, molecular, density"
Fiber-Matrix Interfacial Science,"fiber, matrix, interfacial, reinforcement, polymer"
Composite Mechanical Properties,"mechanical, tensile, strength, modulus, failure"
Nanocomposite Materials & Fillers,"nanocomposites, carbon, cnts, graphene, filler"
Composite Processing & Manufacturing,"processing, fabrication, curing, laminate, molding"
Damage and Failure Analysis,"damage, fracture, delamination, fatigue, cracking"
Sustainable & Bio-Composites,"bio, natural, recycling, sustainable, cellulose"
Perovskite Solar Cells Research,"perovskite, stability, efficiency, structure, halide"
Crystalline Silicon PV Technology,"silicon, crystalline, photovoltaic, wafer, cell"
Organic Photovoltaic Materials,"polymer, organic, flexible, thin-film, absorber"
Compound Semiconductor Thin-Films,"cadmium, telluride, copper, indium, selenide"
Tissue Engineering Scaffolds,"scaffold, tissue, engineering, regeneration, porosity"
Controlled Drug Delivery Systems,"drug, delivery, release, controlled, nanoparticle"
Biomaterial Biocompatibility Assessment,"biocompatibility, host, response, cytotoxicity, surface"
Orthopedic and Dental Implants,"implant, orthopedic, dental, metallic, ceramic"
Polymeric Biomaterials,"hydrogel, polymer, alginate, chitosan, biodegradable"
Biomaterial-based Diagnostics,"biosensor, detection, diagnostic, electrode, sensing"
Biomaterial Surface Engineering,"surface, modification, coating, functionalization, roughness"
Microstructure and Thermal Processing,"microstructure, grain, thermal, phase, kinetics"
Processing Influence on Mechanical Properties,"strength, ductility, hardness, fatigue, mechanical"
Casting Process Effects,"casting, solidification, fluidity, molding, defects"
Metal Forming and Strain Hardening,"forging, rolling, deformation, strain, hardening"
Welding and Joining Effects,"welding, residual, stress, distortion, joining"
Heat Treatment Processes,"heat, treatment, annealing, quenching, tempering"
Additive Manufacturing Parameters,"additive, density, porosity, layer, printing"
Perovskite Solar Cell Research,"perovskite, stability, efficiency, degradation, tandem"
Crystalline Silicon Materials,"silicon, crystalline, photovoltaic, wafer, junction"
Thin-Film Solar Technologies,"thinfilm, amorphous, organic, flexible, deposition"
Charge Transport Materials,"charge, transport, layers, extraction, interface"
Scalable Material Fabrication,"fabrication, processing, scalable, printing, manufacturing"
Solar Material Properties,"absorption, spectrum, bandgap, semiconductor, photons"
Material Stability and Reliability,"durability, thermal, moisture, encapsulation, reliability"
Solar Photovoltaic Energy Systems,"solar, photovoltaic, energy, panel, conversion"
Wind Energy Conversion Systems,"wind, turbine, farm, power, rotor"
Sustainable Bioenergy and Biofuels,"bioenergy, biomass, biofuel, sustainable, feedstock"
Geothermal Energy Resource Extraction,"geothermal, heat, earth, resource, drilling"
Hydrogen Fuel Cell Technology,"hydrogen, fuel, cell, electrolysis, storage"
Smart Grid Energy Integration,"grid, smart, storage, integration, optimization"
Marine Hydrokinetic Energy,"tidal, wave, ocean, hydrokinetic, marine"
Photovoltaic Cell Technologies,"photovoltaic, panels, efficiency, silicon, cells"
Concentrating Solar Power Systems,"concentrating, thermal, storage, mirror, heat"
Solar Grid Integration,"grid, integration, inverter, modeling, stability"
Solar Energy Storage,"molten, salt, thermal, duration, battery"
Solar Technology Economics,"manufacturing, cost, lifetime, reliability, commercialization"
CFD Governing Equations,"navier, stokes, equations, conservation, momentum"
Numerical Discretization Methods,"finite, volume, element, difference, discretization"
Aerodynamic Flow Analysis,"aerodynamics, aerospace, hypersonics, lift, drag"
Fluid Heat Transfer,"heat, transfer, convection, conduction, radiation"
Classical System Analysis,"stability, poles, zeros, feedback, response"
Model Predictive Control,"model, optimization, constraints, receding, horizon"
Nonlinear Control Systems,"nonlinear, lyapunov, feedback, geometric, input-output"
Multi-Agent Networked Control,"multi-agent, networked, consensus, distributed, cooperative"
Optimal Control Theory,"optimal, cost, minimization, dynamic, calculus"
Stochastic Control and Filtering,"stochastic, kalman, noise, probability, uncertainty"
Real-Time Operating Systems,"real-time, scheduling, rtos, deadlines, latency"
Microcontroller Firmware Development,"microcontroller, firmware, hardware, peripheral, programming"
Low-Power Embedded Design,"low-power, energy, battery, optimization, efficiency"
Sensor and Actuator Interfacing,"sensors, actuators, interface, control, i/o"
Embedded System Security,"security, trust, cryptography, protection, tamper"
IoT and Wireless Communication,"iot, wireless, communication, network, connectivity"
Embedded System Verification,"verification, testing, debugging, model, validation"
Safe Autonomous Systems,"safety, verification, validation, resilience, certification"
AI for Autonomous Control,"deep, learning, reinforcement, neural, decision"
Perception and Localization,"sensor, fusion, localization, mapping, estimation"
Robot Locomotion and Dynamics,"bipedal, legged, locomotion, kinematics, dynamics"
Multi-Agent Systems,"multi-agent, swarm, coordination, decentralized, communication"
Human-Robot Interaction,"human, interaction, collaboration, trust, interface"
Linear Control System Stability,"linear, system, lmi, lyapunov, stability"
Model Predictive Control,"model, predictive, optimization, constraint, horizon"
Advanced Nonlinear Control,"nonlinear, robust, feedback, backstepping, adaptive"
Fault Detection and Diagnosis,"fault, detection, isolation, diagnosis, tolerance"
Autonomous Systems Control,"autonomous, systems, robotics, coordination, path"
Embedded Control System,"embedded, real-time, microcontroller, hardware, software"
AI in Control Systems,"artificial, learning, neural, fuzzy, data-driven"
Real-Time Operating Systems,"rtos, scheduling, real-time, os, priority"
Microcontroller Programming & Hardware,"microcontroller, peripheral, programming, assembly, hardware"
IoT Sensor Integration,"iot, sensors, connectivity, gateway, cloud"
FPGA and ASIC Design,"fpga, vhdl, verilog, logic, asic"
Energy-Efficient Embedded Design,"low-power, energy, management, battery, optimization"
Embedded System Security,"security, firmware, cryptography, tamper, trustzone"
Embedded Communication Protocols,"communication, protocol, spi, i2c, uart"
Robot Motion and Control,"manipulator, kinematics, dynamics, trajectory, control"
Robot Perception and Navigation,"sensor, perception, mapping, localization, navigation"
Robotic Grasping and Manipulation,"gripping, force, tactile, dexterity, end-effector"
Humanoid Robot Locomotion,"humanoid, bipedal, gait, balance, walking"
Multi-Robot Systems and Swarms,"swarm, multi-robot, cooperation, communication, formation"
Robot Learning and Adaptation,"machine, learning, reinforcement, imitation, adaptive"
Industrial Robotics and Manufacturing,"industrial, manufacturing, assembly, welding, inspection"
Sustainable Building Performance,"sustainable, energy, efficiency, green, performance"
Public Space Urbanism,"public, space, urban, design, placemaking"
Historic Preservation & Conservation,"historical, preservation, heritage, conservation, adaptive"
Smart City Technology,"smart, city, technology, data, infrastructure"
Residential Planning & Housing,"housing, density, affordability, community, residential"
Parametric Design & Fabrication,"parametric, form, digital, fabrication, geometry"
Climate Resilience and Planning,"resilience, climate, adaptation, disaster, vulnerability"
Recycled Aggregate Concrete,"recycled, waste, aggregate, concrete, circular"
Geopolymer Cementitious Binders,"geopolymer, cement, binder, alkali, activation"
Bio-Based Building Materials,"bamboo, timber, bio-based, natural, renewable"
Embodied Carbon Assessment,"life, cycle, assessment, embodied, carbon"
Thermal Insulation Optimization,"thermal, insulation, energy, efficiency, envelope"
3D Printed Construction Materials,"additive, manufacturing, 3d, printing, construction"
Waterfront Gentrification and Equity,"gentrification, displacement, equity, social, revitalization"
Public Space Design and Access,"access, usability, design, inclusivity, experience"
Climate Resilience in Waterfronts,"climate, sea, flood, resilience, adaptation"
Waterfront Ecological Restoration,"ecology, habitat, biodiversity, restoration, sustainability"
Urban Mobility and Connectivity,"transportation, mobility, connectivity, transit, infrastructure"
Public Space Community Governance,"community, participation, engagement, governance, stakeholder"
Post-Industrial Waterfront Redevelopment,"historic, heritage, preservation, industrial, post-industrial"
Atherosclerotic Plaque Development,"atherosclerosis, plaque, inflammation, vessel, lipids"
Retinoic Acid Signaling,"rar, rxr, receptor, gene, transcription"
Retinoic Acid Catabolism,"cyp26, catabolism, oxidation, degradation, inactivation"
Drug Target Mechanisms,"target, molecular, mechanism, binding, receptors"
Structure-Activity Relationship Design,"design, structure, optimization, lead, activity"
Computer-Aided Drug Design,"docking, modeling, virtual, cadd, chemoinformatics"
Natural Products Drug Discovery,"natural, products, discovery, biosynthesis, extracts"
Drug ADMET Properties,"absorption, metabolism, pharmacology, toxicology, efficacy"
Drug Delivery Systems,"formulation, delivery, nanoparticles, targeting, controlled"
Molecular Mechanism and Targeting,"molecular, target, mechanism, inhibition, pathway"
High-Throughput Drug Screening,"screening, high-throughput, compound, library, assay"
Natural Product Drug Discovery,"natural, product, alkaloids, flavonoids, plant"
Overcoming Chemoresistance in Cancer,"chemotherapy, resistance, overcoming, multidrug, sensitization"
Computational Drug Design (CADD),"drug, design, computational, cadd, modeling"
Cancer Immunotherapy Development,"immunotherapy, checkpoint, car-t, t-cell, cancer"
Clinical Trials and Efficacy,"clinical, trial, phase, toxicity, efficacy"
Anti-inflammatory Target Identification,"inflammation, cytokines, inhibitors, cox-2, targets"
NSAID Hybrid Drug Design,"nsaid, gastrotoxicity, prodrug, hybrid, molecular"
Drug Candidate Screening,"assay, screening, activity, vivo, vitro"
Pharmacokinetic Profiling,"pharmacokinetics, absorption, metabolism, excretion, distribution"
Drug Safety and Toxicology,"toxin, safety, adverse, risk, preclinical"
Natural Compound Drug Discovery,"natural, extracts, compounds, medicinal, herbal"
Genetic Drug Response Variation,"genes, response, drug, metabolism, variant"
CYP450 Metabolism and Drug Fate,"cyp450, enzyme, pharmacokinetics, efficacy, toxicity"
Pharmacogenetic Biomarker Identification,"biomarker, adverse, reaction, genotyping, allele"
Pharmacogenomics in Cancer Treatment,"oncology, cancer, chemotherapy, personalized, treatment"
Genome-Wide Association Studies,"gwas, association, phenotype, population, study"
Psychiatric Drug Pharmacogenomics,"antidepressant, psychiatry, mental, health, efficacy"
miRNA Diagnostics and Detection,"microrna, biomarker, diagnosis, disease, detection"
Circulating miRNA Isolation & Analysis,"circulating, plasma, serum, noncoding, exosomes"
miRNA Molecular Assay Development,"molecular, assay, pcr, sequencing, quantification"
Oncology/Cancer,"cancer, oncology, prognosis, metastasis, therapeutic"
miRNA Expression Profiling,"profiling, signature, expression, regulation, target"
Clinical Biomarker Validation,"validation, clinical, sensitivity, specificity, predictive"
Drug Pharmacokinetics in Chronic Disease,"pharmacokinetics, absorption, distribution, metabolism, elimination"
Pharmacogenomics of Drug Response,"pharmacogenomics, genotype, phenotype, polymorphism, individualization"
Drug Safety and Adverse Events,"drug, adverse, events, safety, monitoring"
Medication Adherence and Patient Outcomes,"adherence, compliance, efficacy, patient, outcomes"
Polypharmacy in Multiple Chronic Conditions,"multiple, morbidity, polypharmacy, interactions, management"
Biomarker-Guided Drug Optimization,"biomarkers, therapeutic, monitoring, dosage, optimization"
Pharmacology in Specific Chronic Diseases,"cardiovascular, diabetes, copd, alzheimer's, inflammation"
Adverse Event Reporting,"adverse, event, reaction, monitoring, safety"
Drug Safety Signal Detection,"signal, detection, mining, data, disproportionality"
Individual Case Safety Reports,"icsr, case, report, management, individual"
Risk Management & Evaluation,"risk, management, plan, minimisation, evaluation"
Drug Causality Assessment,"causality, assessment, pharmacology, algorithm, relationship"
Regulatory Compliance & Policy,"regulatory, compliance, policy, guidelines, inspection"
Pharmacoepidemiology Studies,"pharmacoepidemiology, studies, database, population, post-marketing"
Drug Metabolism Genetics,"cytochrome, metabolism, enzyme, genotype, phenotype"
Chemotherapy Toxicity Risk,"toxicity, adverse, reaction, germline, risk"
Predictive Biomarkers for Therapy,"biomarker, response, therapy, targeted, efficacy"
Somatic Mutations in Cancer,"mutation, somatic, tumor, resistance, cancer"
Single Nucleotide Polymorphisms,"polymorphism, snp, alleles, variant, dna"
Individualized Cancer Dosing,"dosing, individualized, precision, algorithm, treatment"
Advanced Chromatographic Techniques,"chromatography, liquid, gas, separation, detector"
Mass Spectrometry Analysis,"mass, spectrometry, ionization, fragmentation, quantification"
Sample Preparation Methods,"sample, preparation, extraction, cleanup, matrix"
Electrochemical Sensing,"electrochemistry, voltammetry, sensor, potential, current"
Molecular Spectroscopy,"spectroscopy, absorption, emission, fluorescence, detection"
Capillary & Microfluidic Separation,"capillary, electrophoresis, microfluidic, separation, chip"
Analytical Method Validation,"calibration, validation, accuracy, precision, method"
Natural Product Isolation,"extraction, purification, chromatography, isolation, compound"
Secondary Metabolite Classes,"phytochemicals, alkaloids, flavonoids, terpenoids, saponins"
Compound Structure Elucidation,"spectroscopy, nmr, mass, structure, elucidation"
Bioactive Compound Screening,"antioxidant, antimicrobial, anticancer, bioassay, activity"
Traditional Medicine Sources,"medicinal, plants, traditional, herbal, ethnobotany"
Natural Product Biosynthesis,"biosynthesis, pathway, enzymes, genes, metabolism"
Natural Products in Drug Discovery,"drug, discovery, lead, optimization, pharmacology"
Targeted Metabolite Profiling,"metabolite, profiling, quantification, mass, spectrometry"
NMR-Based Metabolite Identification,"nmr, spectroscopy, biofluid, analysis, identification"
Biomarker Discovery and Validation,"biomarker, discovery, diagnosis, prognosis, validation"
Clinical Chemistry Quality,"clinical, testing, assays, reference, quality"
Metabolomics Data Analysis,"data, preprocessing, statistics, modeling, multivariate"
Metabolic Disease Mechanisms,"disease, metabolic, pathways, mechanism, perturbation"
Biological Sample Preparation,"urine, plasma, tissue, sample, preparation"
HPLC Method Validation,"hplc, chromatography, validation, separation, quantitative"
Spectroscopic Analysis Techniques,"spectroscopy, uv-vis, mass, identification, detection"
Impurity and Stability Testing,"impurity, degradation, stability, stress, monitoring"
LC-MS/MS Bioanalysis,"bioanalysis, plasma, lc-ms/ms, pharmacokinetics, drug"
Capillary Electrophoresis Development,"capillary, electrophoresis, separation, chiral, ce"
Green Analytical Chemistry,"green, microextraction, solvent, sustainable, miniaturization"
Electrochemical Assay Development,"titration, potentiometry, voltammetry, electrochemical, sensors"
m6A RNA Methylation Dynamics,"m6a, methylation, mrna, regulator, epigenetic"
m6A in Autoimmune Diseases,"autoimmune, disease, inflammation, pathogenesis, therapy"
m6A Writer/Reader/Eraser Enzymes,"mettl3, writer, demethylase, reader, complex"
m6A in Adaptive Immunity,"t-cell, b-cell, macrophage, dendritic, lymphocyte"
m6A and Gene Expression,"gene, expression, stability, translation, rna"
m6A and Cancer Immunity,"cancer, immunity, tumor, microenvironment, immunotherapy"
Genetic Risk Loci Identification,"gwas, snps, association, genetics, risk"
Immune-Metabolic Crosstalk,"inflammation, cytokines, immunity, atherosclerosis, metabolism"
HLA and Autoimmune Risk,"hla, mhc, autoimmunity, t-cell, antigen"
Epigenetic Regulation of Disease,"epigenetics, methylation, histone, regulation, environment"
Genetic Basis of Dyslipidemia,"lipids, cholesterol, triglycerides, dyslipidemia, genes"
Genetics of Type 2 Diabetes,"diabetes, insulin, resistance, glucose, t2d"
Microbiome-Immune-Metabolic Axis,"microbiota, gut, microbiome, immune, metabolic"
Economic Evaluation Methods,"cost, effectiveness, utility, cba, minimization"
Key Epidemiological Measures,"incidence, prevalence, mortality, morbidity, rate"
Health Policy & Finance,"policy, health, insurance, spending, access"
Health Economic Modeling,"modeling, simulation, markov, cohort, decision"
Risk & Association Analysis,"risk, ratio, exposure, outcome, association"
Burden of Disease,"disease, burden, qaly, daly, outcomes"
Health Promotion Strategies,"prevention, promotion, intervention, behavior, public"
Alzheimer's Disease Pathology,"dementia, amyloid, tau, plaques, atrophy"
Parkinson's Disease Movement,"dopamine, tremor, bradykinesia, levodopa, synuclein"
Amyotrophic Lateral Sclerosis Mechanisms,"motor, neuron, sclerosis, degeneration, cortex"
Neurological Disease Biomarkers,"biomarker, fluid, imaging, diagnosis, progression"
Neuroinflammation and Glial Cells,"neuroinflammation, microglia, astrocyte, immune, cytokine"
Neuronal Degeneration Processes,"axonal, transport, synaptic, misfolding, proteinopathy"
Oxidative Stress Biomarkers,"lipid, peroxidation, biomarkers, protein, oxidation"
Mitochondria & Cell Death,"apoptosis, necrosis, cell, death, signaling"
Oxidative Stress & Antioxidant Therapy,"oxidative, stress, antioxidants, radicals, scavenging"
Molecular Neuroinflammation Pathways,"neuroinflammation, microglia, cytokines, astrocytes, gliosis"
Apoptotic and Survival Pathways,"apoptosis, survival, caspases, bcl-2, mitochondria"
Neurotrophic Factor Signaling,"neurotrophic, bdnf, gdnf, survival, receptors"
Protein Misfolding & Aggregation,"protein, misfolding, aggregation, tau, amyloid"
Glutamatergic Excitotoxicity Mechanisms,"glutamate, excitotoxicity, nmda, receptor, antagonists"
Ischemic Neuroprotection Strategies,"ischemia, reperfusion, stroke, hypoxia, infarction"
Microglial Activation in CNS,"microglia, activation, neurotoxicity, immune, cns"
Inflammatory Cytokine Signaling,"cytokines, chemokines, signaling, inflammation, mediators"
Reactive Astrogliosis and Support,"astrocytes, gliosis, reactive, neuronal, support"
Blood-Brain Barrier Integrity,"blood, brain, barrier, permeability, disruption"
Neuroinflammation in Disease,"alzheimer's, parkinson's, disease, neurodegeneration, ms"
Neuroinflammation Therapeutic Strategies,"treatment, therapeutic, targets, drug, anti-inflammatory"
Oxidative Stress and Damage,"oxidative, stress, mitochondria, damage, ros"
Molecular Imprinting Technology,"molecular, imprinting, template, polymerization, selectivity"
Biomimetic Sensor Design,"sensor, biomimetic, recognition, detection, analyte"
MIPs for Drug Delivery,"drug, delivery, therapeutics, release, targeting"
Biomolecule Recognition,"protein, peptide, binding, biomolecules, affinity"
Advanced Sensor Readouts,"biosensing, electrochemical, optical, acoustic, transducer"
Surface Modification Techniques,"surface, nanomaterials, modification, microcontact, immobilization"
Environmental Analysis using MIPs,"environmental, contaminants, pollutants, remediation, extraction"
Chromatographic Separation Techniques,"chromatography, liquid, gas, mass, separation"
Spectroscopic Analysis Methods,"spectroscopy, absorption, emission, atomic, molecular"
Electrophoretic Separation,"electrophoresis, capillary, gel, separation, biomolecules"
Analytical Sample Preparation,"sample, preparation, extraction, digestion, clean-up"
Analytical Detection & LOD,"detection, quantification, limit, linearity, accuracy"
Mass Spectrometry Analysis,"mass, spectrometry, ionization, fragments, identification"
Analytical Method Validation,"validation, method, calibration, precision, robustness"
Nanoparticle Drug Carriers,"nanoparticles, nanomedicine, liposomes, carriers, stability"
Controlled Release Formulations,"controlled, release, formulation, kinetics, extended"
Targeted Drug Delivery,"targeted, delivery, ligand, receptor, site"
Drug Bioavailability & Kinetics,"bioavailability, solubility, absorption, pharmacokinetics, distribution"
Gene Therapy Delivery,"gene, therapy, rna, vector, nucleic"
Transdermal Drug Delivery,"transdermal, microneedle, patch, skin, absorption"
Protein and Peptide Delivery,"peptide, protein, stability, formulation, degradation"
Nanoparticle Synthesis and Characterization,"nanoparticles, synthesis, characterization, morphology, applications"
Nanomaterials for Drug Delivery,"drug, delivery, release, biocompatibility, therapeutic"
Stimuli-Responsive Smart Polymers,"hydrogel, stimuli, responsive, shape, memory"
Polymer Nanocomposite Properties,"polymer, nanocomposites, mechanical, electrical, thermal"
Nanomaterial-Based Sensor Development,"sensors, biosensors, detection, surface, functionalization"
Self-Healing and Flexible Polymers,"self, healing, actuator, fabrication, flexible"
Polymer Scaffolds for Tissue Engineering,"scaffolds, tissue, engineering, regenerative, biomaterials"
Impression Management Behaviors,"behavior, verbal, nonverbal, social, interaction"
Online Impression Management,"online, social, networking, identity, profile"
Defensive Impression Tactics,"defensive, apology, excuse, justification, acounting"
Self-Presentation Theory,"presentation, perception, audience, self-monitoring, motive"
Personnel Selection Methods,"recruitment, screening, interview, assessment, criteria"
Employee Well-being and Engagement,"engagement, satisfaction, motivation, wellbeing, culture"
Performance Management Systems,"performance, appraisal, feedback, management, metrics"
Psychometric Assessment in Selection,"personality, cognition, ability, testing, psychometrics"
Workplace Training and Development,"training, development, learning, skills, competencies"
Employee Relations and Compliance,"relations, compliance, policies, legal, conflict"
Organizational Behavior and Leadership,"leadership, teams, group, dynamics, organization"
Cultural Dimension Influence,"cultural, dimensions, hofstede, influence, management"
Diversity and Team Performance,"diversity, performance, teams, multicultural, strategy"
Expatriate Success and Adjustment,"expatriate, adjustment, repatriation, success, global"
Intercultural Communication Challenges,"communication, barriers, intercultural, multinational, language"
Global Negotiation and Conflict,"negotiation, styles, conflict, resolution, international"
Cultural Intelligence and Leadership,"cultural, intelligence, competence, leadership, globalization"
Meaning and Purpose at Work,"purpose, meaning, calling, fulfillment, transcendence"
Organizational Ethics and Integrity,"values, integrity, conduct, dilemmas, governance"
Ethical and Spiritual Leadership,"leadership, servant, authentic, ethical, conscious"
Corporate Social Responsibility Ethics,"sustainability, csr, stakeholder, impact, responsibility"
Halal and Shariah Compliance,"halal, shariah, compliance, forbidden, permitted"
Ethical Marketing Practices,"truthfulness, honesty, justice, fairness, ethics"
Core Islamic Principles in Business,"tawhid, oneness, values, principles, integrity"
Social Responsibility in Islamic Marketing,"social, responsibility, community, wellbeing, charitable"
Consumer Trust and Ethical Consumption,"trust, confidence, ethical, responsible, consumption"
Halal Supply Chain and Logistics,"logistics, supply-chain, segregation, traceability, certification"
Prohibited Financial Practices,"gharar, riba, uncertainty, interest, speculation"
CSR and Stakeholder Management,"social, impact, stakeholders, community, reporting"
Corporate Governance and Ethics,"governance, transparency, accountability, board, ethics"
Environmental Sustainability Metrics,"environmental, footprint, circular, economy, climate"
ESG Investing and Financial Performance,"esg, investment, finance, performance, risk"
Sustainable Business Strategy,"sustainability, strategy, innovation, business, model"
Ethics in Green Marketing,"greenwashing, trust, consumer, reputation, marketing"
Price Sensitivity and Value,"affordability, value, price, elasticity, budget"
Socio-cultural Factors,"cultural, tradition, norms, societal, values"
Product Localization Strategy,"local, adaptation, customization, preferences, market"
Social Influence on Buying,"family, social, influence, roles, status"
Digital Commerce Adoption,"digital, infrastructure, e-commerce, mobile, adoption"
Brand Trust and Loyalty,"trust, brand, loyalty, reputation, relationships"
Aspirational Consumption Drivers,"aspirational, status, prestige, power, image"
Sustainable Consumer Behavior,"green, consumption, purchasing, eco-friendly, consumer"
Green Marketing Strategy,"marketing, sustainability, strategy, communication, value"
Sustainable Mobility Adoption,"transportation, mobility, electric, shared, behavior"
Marketing in Circular Economy,"circular, economy, product, lifecycle, design"
CSR and Brand Perception,"corporate, social, responsibility, ethics, brand"
Environmental Behavior Determinants,"attitude, intention, environmental, concern, psychology"
Policy Impact on Sustainability,"policy, regulation, government, incentive, promotion"
Hyper-Personalized Customer Experience,"personalization, customer, journey, segmentation, experience"
Marketing Automation Strategies,"automation, marketing, workflow, campaigns, efficiency"
Generative AI in Content,"generative, content, creation, copywriting, insights"
AI-Driven Data Analytics,"data, analytics, modeling, prediction, management"
Ethical AI in Marketing,"algorithms, bias, fairness, ethics, transparency"
AI for SEO Optimization,"search, engine, seo, ranking, optimization"
Marketing Performance Measurement,"roi, attribution, performance, metrics, budget"
Logistics and Distribution Planning,"logistics, transportation, distribution, warehousing, shipping"
Demand Forecasting and Planning,"forecasting, demand, planning, analytics, prediction"
Strategic Sourcing & Procurement,"sourcing, procurement, vendor, supplier, strategic"
Supply Chain Network Design,"network, design, facility, location, planning"
Supply Chain Risk Resilience,"resilience, risk, disruption, mitigation, management"
Circular Economy & Reverse Logistics,"reverse, logistics, circular, waste, recovery"
Carbon Footprint Management,"carbon, footprint, emissions, ghg, decarbonization"
Ethical and Transparent Sourcing,"sourcing, ethical, labor, transparency, traceability"
Sustainable Supplier Performance,"supplier, assessment, monitoring, compliance, performance"
Product Life Cycle Assessment,"design, ecodesign, lifecycle, packaging, materials"
Digital Enablers for Sustainability,"technology, blockchain, iot, analytics, digital"
Supply Chain Sustainability Risk,"risk, resilience, disruption, vulnerability, adaptation"
Supply Chain Visibility and Trust,"transparency, traceability, ledger, immutable, trust"
Automating Supply Chain Contracts,"smart, contracts, automation, execution, decentralized"
Security and Data Integrity,"decentralization, security, data, integrity, privacy"
Supply Chain Risk Management,"risk, management, resilience, disruption, mitigation"
Sustainable and Ethical Supply Chains,"sustainability, esg, ethical, compliance, circular"
Blockchain Implementation Challenges,"interoperability, adoption, integration, scalability, enterprise"
Citizen Service Evaluation,"citizen, perception, expectations, satisfaction, evaluation"
Public Sector Governance & Reform,"governance, reform, accountability, transparency, bureaucracy"
Public Employee Management,"motivation, employee, attitudes, leadership, management"
Administrative Policy & Regulation,"policy, analysis, making, regulation, law"
Digital Public Service Innovation,"digital, e-government, technology, innovation, transformation"
Capital Asset Pricing Model,"capm, beta, return, risk, market"
Factor Pricing Models,"factors, fama, french, anomaly, momentum"
Derivative Pricing and Hedging,"derivative, option, pricing, garch, hedging"
Risk Premium Estimation,"risk, premium, equity, default, sovereign"
Fixed Income Pricing,"interest, rate, curve, yield, bonds"
Environmental Risk and Reporting,"emissions, climate, carbon, risk, reporting"
Social Equity and Stakeholders,"diversity, equity, inclusion, labor, stakeholders"
Corporate Governance and Ethics,"governance, board, ethics, transparency, accountability"
Sustainable Supply Chain,"supply, chain, circularity, waste, management"
Supply Chain Resilience,"supply, chain, disruption, resilience, logistics"
Financial Crisis Management,"financial, liquidity, forecasting, recovery, stimulus"
Employee Health and Safety,"employee, wellbeing, health, safety, retention"
Digital Transformation Agility,"digital, transformation, innovation, technology, agility"
Business Continuity Planning,"risk, assessment, planning, mitigation, preparedness"
Search Engine Optimization,"seo, traffic, ranking, keywords, search"
Social Media Marketing Strategy,"social, media, engagement, platforms, influencers"
Conversion Rate Optimization,"conversion, rate, optimization, landing, a/b"
Personalized Customer Experience,"personalization, customer, experience, data, retargeting"
Email Marketing Automation,"email, automation, campaigns, segmentation, nurturing"
Paid Digital Advertising,"advertising, paid, clicks, ppc, display"
Digital Marketing Analytics,"analytics, metrics, roi, performance, measurement"
Personalized Customer Journeys,"personalization, customer, journey, recommendation, intent"
Generative AI for Content,"generative, content, creation, automation, copywriting"
Programmatic Ad Optimization,"programmatic, bidding, advertising, targeting, optimization"
Marketing Data Analytics,"data, analytics, churn, conversion, patterns"
AI Customer Service Chatbots,"chatbot, service, support, conversation, interaction"
AI-Driven SEO & Search,"semantic, seo, keyword, search, nlp"
Immersive Marketing Experiences,"augmented, reality, virtual, experience, immersive"
Theory of Planned Behavior,"attitude, subjective, control, theory, reasoned"
Consumer Decision Making,"emotion, affective, cognitive, processing, decision"
Digital Purchase Intentions,"online, trust, reviews, e-commerce, platform"
Customer Behavior,"loyalty, satisfaction, retention, switching, post-purchase"
Perceived Value and Price,"perceived, value, price, quality, sacrifice"
Social Influence on Buying,"social, influence, reference, group, normative"
S-O-R Model Applications,"stimulus, organism, response, environment, model"
Destination Branding and Marketing,"destination, branding, image, perception, marketing"
Online Reputation Management,"online, review, reputation, management, sentiment"
Customer Experience Design,"experience, design, co-creation, customer, satisfaction"
Social Media Marketing,"social, media, influencer, engagement, content"
Sustainable Tourism Marketing,"sustainability, ecotourism, responsibility, green, practices"
Revenue and Pricing Strategy,"pricing, revenue, management, yield, strategy"
Targeting and Customer Loyalty,"segmentation, targeting, behavior, loyalty, personalization"
Sustainable Consumer Behavior,"consumer, behavior, purchase, intentions, willingness"
Combating Greenwashing & Mistrust,"greenwashing, deception, trust, skepticism, authenticity"
Corporate Social Responsibility in Marketing,"csr, social, responsibility, ethics, reporting"
Sustainable Supply Chain Communication,"supply, chain, sourcing, transparency, logistics"
Eco-Friendly Product Innovation,"product, eco-friendly, design, innovation, lifecycle"
Sustainable Packaging Strategy,"packaging, recycling, biodegradable, waste, reduction"
Green Marketing Communications,"campaign, messaging, communication, framing, persuasion"
Scalable Data Lake Storage,"storage, data, schema, hadoop, cloud"
Data Ingestion and Pipelines,"ingestion, pipeline, streaming, batch, etl"
Data Governance and Security,"governance, security, privacy, compliance, access"
Data Quality and Metadata,"quality, cleansing, profiling, metadata, catalog"
Big Data Processing & Analytics,"processing, spark, query, analytics, realtime"
Modern Data Architecture Design,"architecture, modern, design, platform, warehouse"
Data Lake Cost Optimization,"optimization, cost, performance, tiering, index"
Movement Pattern Analysis,"movement, pattern, detection, sequence, analysis"
Spatial-Temporal Data Mining,"location, gps, spatial, temporal, data"
Trajectory Clustering & Segmentation,"clustering, segmentation, grouping, similarity, routes"
Trajectory Prediction Models,"prediction, forecasting, future, next, destination"
Anomaly Detection in Trajectories,"anomalies, outliers, deviation, unusual, abnormal"
Frequent Trajectory Pattern Mining,"mining, frequent, subsequences, patterns, paths"
Trajectory Data Privacy,"privacy, protection, anonymization, security, k-anonymity"
ERP System Implementation,"erp, sap, implementation, modules, integration"
Supply Chain Management,"scm, supply, chain, logistics, inventory"
Customer Relationship Management,"crm, customer, relationship, management, salesforce"
Key Performance Indicators,"kpi, metrics, dashboard, reporting, measurement"
Business Process Management,"process, optimization, bpm, workflow, reengineering"
Business Intelligence & Data,"data, analytics, bi, intelligence, decision"
Enterprise Performance Management,"epm, planning, budgeting, financial, forecasting"
Vulnerability and Risk Management,"vulnerability, patching, management, risk, assessment"
Advanced Cryptographic Systems,"encryption, quantum, post-quantum, cryptography, algorithms"
High Performance Computing,"high, performance, parallel, supercomputing, simulation"
Intrusion Detection Systems,"network, intrusion, detection, monitoring, traffic"
IoT Device Security,"iot, sensor, device, security, protocols"
Mosque Architecture Elements,"mosque, domes, minarets, hypostyle, sahn"
Islamic Decorative Arts,"geometric, calligraphy, ornamentation, muqarnas, tile"
Planning and Public Spaces,"courtyards, gardens, water, fountain, space"
Cross-Cultural Architectural Influences,"roman, byzantine, persian, chinese, influence"
Types of Islamic Buildings,"madrasa, tomb, palace, caravanserai, hammam"
Architectural Heritage Conservation,"preservation, restoration, conservation, documentation, site"
Structural Systems,"arches, vaulting, dome, structure, construction"
Digital Heritage Preservation,"heritage, preservation, digital, archive, documentation"
Culture-Driven Design Innovation,"innovation, design, creative, culture, technology"
Immersive Museum Experiences,"museum, experience, interactive, digital, exhibition"
Traditional Craftsmanship Rebirth,"traditional, craftsmanship, modern, reuse, aesthetics"
Participatory Heritage Narratives,"participatory, co-creation, community, narrative, engagement"
3D Artifact Recognition,"artifact, recognition, three-dimensional, modeling, virtual"
Sustainable Cultural Renewal,"sustainability, renewal, urban, architecture, landscape"
3D-Printed Graphene Composites,"graphene, additive, layer, printing, composite"
Cross-Laminated Timber (CLT) Structures,"lumber, cross, laminated, wood, mass"
Smart and Self-Healing Materials,"concrete, bioplastic, self, healing, smart"
AI in Generative Design,"generative, design, algorithm, form, optimization"
IoT for Building Performance,"sensing, hvac, iot, systems, monitoring"
Carbon Fiber Reinforcement,"carbon, fiber, strength, lightweight, reinforcement"
Innovative Translucent Building Materials,"translucent, insulation, energy, efficiency, façade"
Biofilm Control Strategies,"biofilm, formation, adhesion, surface, inhibition"
Antimicrobial Resistance Mechanisms,"antimicrobial, resistance, mechanism, drug, susceptibility"
Cell Membrane Biophysics,"membrane, disruption, structure, permeability, lipids"
Radiation for Microbial Inactivation,"radiation, uv, gamma, sterilization, dna"
Chemical Control Agents,"chemical, disinfectant, antiseptic, mode, action"
Microbial Imaging Techniques,"fluorescence, microscopy, imaging, single-cell, dynamics"
Thermal Control of Microbes,"temperature, heat, cryopreservation, growth, inactivation"
Pulsed Electromagnetic Field Therapy,"pulsed, pemf, fields, therapy, magnetic"
Cellular Mechanisms and Signaling,"cellular, biological, mechanisms, signaling, function"
Tissue Healing and Regeneration,"healing, bone, tissue, regeneration, osteogenesis"
Pain and Inflammation Relief,"pain, inflammation, analgesic, musculoskeletal, relief"
Bioelectromagnetism in Neurology,"neurostimulation, brain, eeg, meg, tms"
Bioelectromagnetics Safety and Risk,"bioelectromagnetics, exposure, risk, safety, health"
Therapy Device Optimization,"frequency, intensity, device, design, optimization"
Scalar Field Gradients,"gradient, scalar, field, directional, derivative"
Vector Field Divergence,"divergence, flux, volume, density, vector"
Vector Field Curl,"curl, rotation, circulation, field, vorticity"
Line Integrals & Work,"line, integral, path, work, curve"
Surface Integrals & Flux,"surface, integral, flux, area, normal"
Vector Calculus Theorems,"greens, stokes, theorem, divergence, fundamental"
Conservative Vector Fields,"potential, function, conservative, field, irrotational"
Graph Theory Fundamentals,"vertices, edges, paths, coloring, networks"
Advanced Combinatorial Counting,"counting, permutations, combinations, selection, enumeration"
Foundational Mathematical Concepts,"sets, relations, functions, logic, proofs"
Elementary Number Theory,"divisibility, prime, congruence, modular, cryptography"
Mathematical Logic and Proof,"boolean, tautology, predicates, quantifiers, inference"
Discrete and Combinatorial Optimization,"matroids, optimization, linear, integer, polyhedra"
Random Variable Distributions,"distribution, probability, discrete, continuous, random"
Statistical Hypothesis Testing,"hypothesis, testing, significance, null, alternative"
Linear Regression Modeling,"regression, linear, model, variable, prediction"
Bayesian Statistical Inference,"bayesian, inference, prior, posterior, likelihood"
Sampling Theory and Methods,"sampling, population, sample, bias, error"
Correlation and Covariance Analysis,"correlation, covariance, relationship, scatter, data"
Ordinary Differential Equations Analysis,"ordinary, existence, uniqueness, stability, bifurcation"
Nonlinear Dynamics and Chaos,"dynamical, system, chaos, nonlinear, attractor"
Stochastic Differential Equations,"stochastic, wiener, ito, calculus, random"
Boundary Value Problems,"boundary, eigenvalue, value, initial, conditions"
Applied DE and Modeling,"modeling, applied, simulation, physical, equations"